"id","page_name","status","header","dynamicPage","itemResultsCount","searchCount","primary_url","secondary_url","note"
1455362,"buy:hunting-dogs","live","Hunting Dogs",NULL,NULL,NULL,"/search/?q=hunting%20dogs&buyPageVariant1=true","","Generated using custom generation script"
1469442,"buy:french-baroque","live","French Baroque",NULL,NULL,NULL,"/search/?q=french%20baroque&buyPageVariant1=true","","Generated using custom generation script"
1470212,"buy:plique-a-jour","live","Plique A Jour",NULL,NULL,NULL,"/search/?q=plique%20a%20jour&buyPageVariant1=true","","Generated using custom generation script"
1506052,"buy:italy","scheduled","Italy",NULL,NULL,NULL,"/search/furniture/?buyPageVariant1=true&q=italy","","Dynamic buy pages endpoint: Found probable duplicates! http://internal-mario-buyer-services-1695447112.us-east-1.elb.amazonaws.com/soa/query-builder/1/dynamicBuyPage?searchTerm=italy"
1508102,"buy:beni-ourain","scheduled","Beni Ourain",NULL,NULL,NULL,"/search/furniture/?buyPageVariant1=true&q=beni+ourain","","Dynamic buy pages endpoint: Found probable duplicates! http://internal-mario-buyer-services-1695447112.us-east-1.elb.amazonaws.com/soa/query-builder/1/dynamicBuyPage?searchTerm=beni%20ourain"
1513222,"buy:wooden-ship-wheel","scheduled","Wooden Ship Wheel",NULL,NULL,NULL,"/search/furniture/?buyPageVariant1=true&q=wooden+ship+wheel","","Dynamic buy pages endpoint: Found probable duplicates! http://internal-luigi-buyer-services-705204976.us-east-1.elb.amazonaws.com/soa/query-builder/1/dynamicBuyPage?searchTerm=wooden%20ship%20wheel"
1453062,"buy:mens-shoes","live","Mens Shoes",NULL,NULL,NULL,"/search/?q=mens%20shoes&buyPageVariant1=true","","Generated using custom generation script"
1506822,"buy:curved","scheduled","Curved",NULL,NULL,NULL,"/search/furniture/?buyPageVariant1=true&q=curved","","Dynamic buy pages endpoint: Found probable duplicates! http://internal-mario-buyer-services-1695447112.us-east-1.elb.amazonaws.com/soa/query-builder/1/dynamicBuyPage?searchTerm=curved"
276743,"buy:stain-glass-lamps","live",NULL,NULL,NULL,NULL,NULL,NULL,""
1507592,"buy:kim-mcaninch","scheduled","Kim Mcaninch",NULL,NULL,NULL,"/search/art/?buyPageVariant1=true&q=kim+mcaninch","","Dynamic buy pages endpoint"
1453832,"buy:joseph-albers","live","Joseph Albers",NULL,NULL,NULL,"/search/?q=joseph%20albers","","Generated using custom generation script"
1456392,"buy:star-of-david-pendants","live","Star Of David Pendants",NULL,NULL,NULL,"/search/?q=star%20of%20david%20pendants&buyPageVariant1=true","","Generated using custom generation script"
1473032,"buy:fish-bowls","live","Fish Bowls",NULL,NULL,NULL,"/search/?q=fish%20bowl&buyPageVariant1=true","","Generated using custom generation script"
1508362,"buy:stereo","scheduled","Stereo",NULL,NULL,NULL,"/search/?buyPageVariant1=true&q=stereo","","Dynamic buy pages endpoint: Found probable duplicates! http://internal-mario-buyer-services-1695447112.us-east-1.elb.amazonaws.com/soa/query-builder/1/dynamicBuyPage?searchTerm=stereo"
1468682,"buy:antique-botanical-prints","live","Antique Botanical Prints",NULL,NULL,NULL,"/search/?q=antique%20botanical%20prints&buyPageVariant1=true","","Generated using custom generation script"
1469962,"buy:marshall-studios-plates","live","Marshall Studios Plates",NULL,NULL,NULL,"/search/?q=marshall%20studios%20plates","","Generated using custom generation script"
1472522,"buy:chess-boards","live","Chess Boards",NULL,NULL,NULL,"/search/?q=chess%20board&buyPageVariant1=true","","Generated using custom generation script"
1505802,"buy:horseshoe","scheduled","Horseshoe",NULL,NULL,NULL,"/search/?buyPageVariant1=true&q=horseshoe","","Dynamic buy pages endpoint"
1507852,"buy:orange-brown-patinated","scheduled","-Orange -Brown -Patinated",NULL,NULL,NULL,"/search/?buyPageVariant1=true&q=-orange+-brown+-patinated","","Dynamic buy pages endpoint"
1515532,"buy:sleeping-beauty","scheduled","Sleeping Beauty",NULL,NULL,NULL,"/search/?buyPageVariant1=true&q=sleeping+beauty","","Dynamic buy pages endpoint: Found probable duplicates! http://internal-luigi-buyer-services-705204976.us-east-1.elb.amazonaws.com/soa/query-builder/1/dynamicBuyPage?searchTerm=sleeping%20beauty"
1470732,"buy:tom-of-finland","live","Tom Of Finland",NULL,NULL,NULL,"/search/?q=tom%20of%20finland","","Generated using custom generation script"
1468942,"buy:art-portugal","live","Art Portugal",NULL,NULL,NULL,"/search/?q=art%20portugal&buyPageVariant1=true","","Generated using custom generation script"
1470222,"buy:pools-of-light","live","Pools Of Light",NULL,NULL,NULL,"/search/?q=pools%20of%20light&buyPageVariant1=true","","Generated using custom generation script"
1475342,"buy:vintage-wooden-artists-easels","live","Vintage Wooden Artists Easels",NULL,NULL,NULL,"/search/?q=vintage%20wooden%20artists%20easel","","Generated using custom generation script"
1454352,"buy:playing-cards","live","Playing Cards",NULL,NULL,NULL,"/search/?q=playing%20cards&buyPageVariant1=true","","Generated using custom generation script"
1469712,"buy:hilma-af-klint","live","Hilma Af Klint",NULL,NULL,NULL,"/search/?q=hilma%20af%20klint&buyPageVariant1=true","","Generated using custom generation script"
1472272,"buy:buddha-heads","live","Buddha Heads",NULL,NULL,NULL,"/search/?q=buddha%20head&buyPageVariant1=true","","Generated using custom generation script"
1507602,"buy:six-way","scheduled","Six Way",NULL,NULL,NULL,"/search/furniture/?buyPageVariant1=true&q=six+way","","Dynamic buy pages endpoint"
1475602,"buy:wire-wall-sculptures","live","Wire Wall Sculptures",NULL,NULL,NULL,"/search/?q=wire%20wall%20sculpture&buyPageVariant1=true","","Generated using custom generation script"
1453332,"buy:chinese-snuff-bottles","live","Chinese Snuff Bottles",NULL,NULL,NULL,"/search/?q=chinese%20snuff%20bottles&buyPageVariant1=true","","Generated using custom generation script"
1507092,"buy:butcher-block-island-table","scheduled","Butcher Block Island Table/",NULL,NULL,NULL,"/search/furniture/?buyPageVariant1=true&q=butcher+block+island+table%2F","","Dynamic buy pages endpoint"
1452822,"buy:door-knockers","live","Door Knockers",NULL,NULL,NULL,"/search/?q=door%20knockers&buyPageVariant1=true","","Generated using custom generation script"
1473302,"buy:gold-frames","live","Gold Frames",NULL,NULL,NULL,"/search/?q=gold%20frame&buyPageVariant1=true","","Generated using custom generation script"
1506582,"buy:circular-ottoman","scheduled","Circular Ottoman/",NULL,NULL,NULL,"/search/furniture/?buyPageVariant1=true&q=circular+ottoman%2F","","Dynamic buy pages endpoint"
1471512,"buy:art-glass-blacks","live","Art Glass Blacks",NULL,NULL,NULL,"/search/?q=art%20glass%20black&buyPageVariant1=true","","Generated using custom generation script"
1506072,"buy:butterfly","scheduled","Butterfly",NULL,NULL,NULL,"/search/?buyPageVariant1=true&q=butterfly","","Dynamic buy pages endpoint: Found probable duplicates! http://internal-mario-buyer-services-1695447112.us-east-1.elb.amazonaws.com/soa/query-builder/1/dynamicBuyPage?searchTerm=butterfly"
1508122,"buy:erotic","scheduled","Erotic",NULL,NULL,NULL,"/search/?buyPageVariant1=true&q=erotic","","Dynamic buy pages endpoint: Found probable duplicates! http://internal-mario-buyer-services-1695447112.us-east-1.elb.amazonaws.com/soa/query-builder/1/dynamicBuyPage?searchTerm=erotic"
1513242,"buy:inner-gardens","scheduled","Inner Gardens",NULL,NULL,NULL,"/search/art/?buyPageVariant1=true&q=inner+gardens","","Dynamic buy pages endpoint"
1514522,"buy:china-hutch","scheduled","China Hutch",NULL,NULL,NULL,"/search/furniture/?buyPageVariant1=true&q=china+hutch","","Dynamic buy pages endpoint: Found probable duplicates! http://internal-luigi-buyer-services-705204976.us-east-1.elb.amazonaws.com/soa/query-builder/1/dynamicBuyPage?searchTerm=china%20hutch"
1453082,"buy:magnifying-glass","live","Magnifying Glass",NULL,NULL,NULL,"/search/?q=magnifying%20glass&buyPageVariant1=true","","Generated using custom generation script"
1471002,"buy:vintage-oyster-plates","live","Vintage Oyster Plates",NULL,NULL,NULL,"/search/?q=vintage%20oyster%20plates","","Generated using custom generation script"
1472282,"buy:business-cards","live","Business Cards",NULL,NULL,NULL,"/search/?q=business%20card&buyPageVariant1=true","","Generated using custom generation script"
1453852,"buy:maltese-cross","live","Maltese Cross",NULL,NULL,NULL,"/search/?q=maltese%20cross&buyPageVariant1=true","","Generated using custom generation script"
1513502,"buy:lady-scenes","scheduled","Lady Scenes",NULL,NULL,NULL,"/search/?buyPageVariant1=true&q=lady+scenes","","Dynamic buy pages endpoint"
1514782,"buy:benny-linden","scheduled","Benny Linden",NULL,NULL,NULL,"/search/furniture/?buyPageVariant1=true&q=benny+linden","","Dynamic buy pages endpoint"
1454622,"buy:pre-raphaelite-original-paintings","live","Pre Raphaelite Original Paintings",NULL,NULL,NULL,"/search/?q=pre%20raphaelite%20original%20paintings","","Generated using custom generation script"
1472032,"buy:blue-lace-agates","live","Blue Lace Agates",NULL,NULL,NULL,"/search/?q=blue%20lace%20agate&buyPageVariant1=true","","Generated using custom generation script"
1475872,"buy:turtle-brooches","live","Turtle Brooches",NULL,NULL,NULL,"/search/?q=turtle%20brooch&buyPageVariant1=true","","Generated using custom generation script"
1508642,"buy:naval","scheduled","Naval",NULL,NULL,NULL,"/search/?buyPageVariant1=true&q=naval","","Dynamic buy pages endpoint: Found probable duplicates! http://internal-mario-buyer-services-1695447112.us-east-1.elb.amazonaws.com/soa/query-builder/1/dynamicBuyPage?searchTerm=naval"
1513762,"buy:love-beads","scheduled","Love Beads",NULL,NULL,NULL,"/search/?buyPageVariant1=true&q=love+beads","","Dynamic buy pages endpoint: Found probable duplicates! http://internal-luigi-buyer-services-705204976.us-east-1.elb.amazonaws.com/soa/query-builder/1/dynamicBuyPage?searchTerm=love%20beads"
1453602,"buy:pocket-doors","live","Pocket Doors",NULL,NULL,NULL,"/search/?q=pocket%20doors&buyPageVariant1=true","","Generated using custom generation script"
1470242,"buy:prince-de-galles","live","Prince De Galles",NULL,NULL,NULL,"/search/?q=prince%20de%20galles&buyPageVariant1=true","","Generated using custom generation script"
1472802,"buy:disco-balls","live","Disco Balls",NULL,NULL,NULL,"/search/?q=disco%20ball&buyPageVariant1=true","","Generated using custom generation script"
1474082,"buy:small-pearl-bracelets","live","Small Pearl Bracelets",NULL,NULL,NULL,"/search/?q=small%20pearl%20bracelet","","Generated using custom generation script"
1506082,"buy:manolo-blahnik-mule","scheduled","Manolo Blahnik Mule/",NULL,NULL,NULL,"/search/fashion/?buyPageVariant1=true&q=manolo+blahnik+mule%2F","","Dynamic buy pages endpoint"
1599012,"buy:pair-of-mid-century-chairs","scheduled",NULL,NULL,NULL,NULL,NULL,NULL,"Dynamic buy pages endpoint: Found probable duplicates! http://internal-mario-buyer-services-1695447112.us-east-1.elb.amazonaws.com/soa/query-builder/1/dynamicBuyPage?searchTerm=pair%20of%20mid%20century%20chairs"
1471012,"buy:vintage-posters-austria","live","Vintage Posters Austria",NULL,NULL,NULL,"/search/?q=vintage%20posters%20austria&buyPageVariant1=true","","Generated using custom generation script"
1455142,"buy:hac-hermes","live","Hac Hermes",NULL,NULL,NULL,"/search/?q=hac%20hermes&buyPageVariant1=true","","Generated using custom generation script"
1471782,"buy:black-arts","live","Black Arts",NULL,NULL,NULL,"/search/?q=black%20art&buyPageVariant1=true","","Generated using custom generation script"
1473062,"buy:fire-pits","live","Fire Pits",NULL,NULL,NULL,"/search/?q=fire%20pit&buyPageVariant1=true","","Generated using custom generation script"
1513512,"buy:gilbert-lewis","scheduled","Gilbert Lewis",NULL,NULL,NULL,"/search/art/?buyPageVariant1=true&q=gilbert+lewis","","Dynamic buy pages endpoint"
1468712,"buy:antique-beads","live","Antique Beads",NULL,NULL,NULL,"/search/?q=antique%20beads&buyPageVariant1=true","","Generated using custom generation script"
1454122,"buy:barn-doors","live","Barn Doors",NULL,NULL,NULL,"/search/?q=barn%20doors&buyPageVariant1=true","","Generated using custom generation script"
1469482,"buy:french-vintage-watercolors","live","French Vintage Watercolors",NULL,NULL,NULL,"/search/?q=french%20vintage%20watercolors&buyPageVariant1=true","","Generated using custom generation script"
1507372,"buy:hetsch","scheduled","Hetsch",NULL,NULL,NULL,"/search/furniture/?buyPageVariant1=true&q=hetsch","","Dynamic buy pages endpoint"
1508652,"buy:workbench","scheduled","Workbench",NULL,NULL,NULL,"/search/?buyPageVariant1=true&q=workbench","","Dynamic buy pages endpoint: Found probable duplicates! http://internal-mario-buyer-services-1695447112.us-east-1.elb.amazonaws.com/soa/query-builder/1/dynamicBuyPage?searchTerm=workbench"
1515052,"buy:love-disarmed","scheduled","Love Disarmed",NULL,NULL,NULL,"/search/jewelry/?buyPageVariant1=true&q=love+disarmed","","Dynamic buy pages endpoint"
1453612,"buy:peking-glass","live","Peking Glass",NULL,NULL,NULL,"/search/?q=peking%20glass&buyPageVariant1=true","","Generated using custom generation script"
1471532,"buy:barge-for-sales","live","Barge For Sales",NULL,NULL,NULL,"/search/?q=barge%20for%20sale","","Generated using custom generation script"
1453102,"buy:fountain-pens","live","Fountain Pens",NULL,NULL,NULL,"/search/?q=fountain%20pens&buyPageVariant1=true","","Generated using custom generation script"
1454382,"buy:heath-ceramics","live","Heath Ceramics",NULL,NULL,NULL,"/search/?q=heath%20ceramics&buyPageVariant1=true","","Generated using custom generation script"
1474862,"buy:turntables","live","Turntables",NULL,NULL,NULL,"/search/?q=turntable&buyPageVariant1=true","","Generated using custom generation script"
1452592,"buy:depression-glass","live","Depression Glass",NULL,NULL,NULL,"/search/?q=depression%20glass&buyPageVariant1=true","","Generated using custom generation script"
1455152,"buy:gold-coins","live","Gold Coins",NULL,NULL,NULL,"/search/?q=gold%20coins&buyPageVariant1=true","","Generated using custom generation script"
1454642,"buy:gee-bend-quilts","live","Gee Bend Quilts",NULL,NULL,NULL,"/search/?q=gee%20bend%20quilts","","Generated using custom generation script"
1455922,"buy:salesman-samples","live","Salesman Samples",NULL,NULL,NULL,"/search/?q=salesman%20samples&buyPageVariant1=true","","Generated using custom generation script"
1470002,"buy:mexican-antiques","live","Mexican Antiques",NULL,NULL,NULL,"/search/?q=mexican%20antiques&buyPageVariant1=true","","Generated using custom generation script"
1471282,"buy:alarm-clocks","live","Alarm Clocks",NULL,NULL,NULL,"/search/?q=alarm%20clock&buyPageVariant1=true","","Generated using custom generation script"
1475122,"buy:vintage-enamel-signs","live","Vintage Enamel Signs",NULL,NULL,NULL,"/search/?q=vintage%20enamel%20sign&buyPageVariant1=true","","Generated using custom generation script"
1505842,"buy:backgammon","scheduled","Backgammon",NULL,NULL,NULL,"/search/?buyPageVariant1=true&q=backgammon","","Dynamic buy pages endpoint: Found probable duplicates! http://internal-mario-buyer-services-1695447112.us-east-1.elb.amazonaws.com/soa/query-builder/1/dynamicBuyPage?searchTerm=backgammon"
264243,"buy:burlap-table-lamps","live","",NULL,NULL,NULL,"","",""
1507892,"buy:gateleg","scheduled","Gateleg",NULL,NULL,NULL,"/search/furniture/?buyPageVariant1=true&q=gateleg","","Dynamic buy pages endpoint: Found probable duplicates! http://internal-mario-buyer-services-1695447112.us-east-1.elb.amazonaws.com/soa/query-builder/1/dynamicBuyPage?searchTerm=gateleg"
1515572,"buy:moser-crystal-decanters","scheduled","Moser Crystal Decanters",NULL,NULL,NULL,"/search/furniture/?buyPageVariant1=true&q=moser+crystal+decanters","","Dynamic buy pages endpoint"
1473332,"buy:gold-seal-rings","live","Gold Seal Rings",NULL,NULL,NULL,"/search/?q=gold%20seal%20ring&buyPageVariant1=true","","Generated using custom generation script"
239413,"buy:gateleg-table","ended",NULL,NULL,NULL,NULL,NULL,NULL,""
1508662,"buy:popov","scheduled","Popov",NULL,NULL,NULL,"/search/furniture/?buyPageVariant1=true&q=popov","","Dynamic buy pages endpoint"
1454902,"buy:martini-set-diamonds","live","Martini Set Diamonds",NULL,NULL,NULL,"/search/?q=martini%20set%20diamonds","","Generated using custom generation script"
1468982,"buy:betty-woodman-pottery","live","Betty Woodman Pottery",NULL,NULL,NULL,"/search/?q=betty%20woodman%20pottery","","Generated using custom generation script"
1470262,"buy:queen-victoria-china","live","Queen Victoria China",NULL,NULL,NULL,"/search/?q=queen%20victoria%20china","","Generated using custom generation script"
1508152,"buy:dragon-in-compartment","scheduled","Dragon In Compartment",NULL,NULL,NULL,"/search/furniture/?buyPageVariant1=true&q=dragon+in+compartment","","Dynamic buy pages endpoint"
1515322,"buy:john-stefanidis","scheduled","John Stefanidis",NULL,NULL,NULL,"/search/furniture/?buyPageVariant1=true&q=john+stefanidis","","Dynamic buy pages endpoint"
1453882,"buy:airplane-models","live","Airplane Models",NULL,NULL,NULL,"/search/?q=airplane%20models&buyPageVariant1=true","","Generated using custom generation script"
1454652,"buy:william-r-davis","live","William R Davis",NULL,NULL,NULL,"/search/?q=william%20r%20davis&buyPageVariant1=true","","Generated using custom generation script"
1471292,"buy:ancient-rome-oil-paintings","live","Ancient Rome Oil Paintings",NULL,NULL,NULL,"/search/?q=ancient%20rome%20oil%20painting","","Generated using custom generation script"
1472572,"buy:cloud-lights","live","Cloud Lights",NULL,NULL,NULL,"/search/?q=cloud%20light&buyPageVariant1=true","","Generated using custom generation script"
1505852,"buy:men","scheduled","Men",NULL,NULL,NULL,"/search/?buyPageVariant1=true&q=men","","Dynamic buy pages endpoint"
1507132,"buy:aquanaut","scheduled","Aquanaut",NULL,NULL,NULL,"/search/jewelry/?buyPageVariant1=true&q=aquanaut","","Dynamic buy pages endpoint"
1507902,"buy:behapi","scheduled","Behapi",NULL,NULL,NULL,"/search/fashion/?buyPageVariant1=true&q=behapi","","Dynamic buy pages endpoint"
1474622,"buy:the-cloud-sofas","live","The Cloud Sofas",NULL,NULL,NULL,"/search/?q=the%20cloud%20sofa","","Generated using custom generation script"
1453632,"buy:sheila-hicks","live","Sheila Hicks",NULL,NULL,NULL,"/search/?q=sheila%20hicks","","Generated using custom generation script"
1506112,"buy:audrey-hepburn","scheduled","Audrey Hepburn",NULL,NULL,NULL,"/search/art/?buyPageVariant1=true&q=audrey+hepburn","","Dynamic buy pages endpoint: Found probable duplicates! http://internal-mario-buyer-services-1695447112.us-east-1.elb.amazonaws.com/soa/query-builder/1/dynamicBuyPage?searchTerm=audrey%20hepburn"
1508162,"buy:haberdashery-counter","scheduled","Haberdashery Counter",NULL,NULL,NULL,"/search/furniture/?buyPageVariant1=true&q=haberdashery+counter","","Dynamic buy pages endpoint"
1454402,"buy:zodiac-pendants","live","Zodiac Pendants",NULL,NULL,NULL,"/search/?q=zodiac%20pendants&buyPageVariant1=true","","Generated using custom generation script"
1455682,"buy:gabriella-kiss","live","Gabriella Kiss",NULL,NULL,NULL,"/search/?q=gabriella%20kiss","","Generated using custom generation script"
1452612,"buy:roman-coins","live","Roman Coins",NULL,NULL,NULL,"/search/?q=roman%20coins&buyPageVariant1=true","","Generated using custom generation script"
1453892,"buy:ethiopian-cross","live","Ethiopian Cross",NULL,NULL,NULL,"/search/?q=ethiopian%20cross&buyPageVariant1=true","","Generated using custom generation script"
1475652,"buy:wooden-fox-heads","live","Wooden Fox Heads",NULL,NULL,NULL,"/search/?q=wooden%20fox%20head","","Generated using custom generation script"
1506372,"buy:horse-head-sculpture","scheduled","Horse Head Sculpture/",NULL,NULL,NULL,"/search/?buyPageVariant1=true&q=horse+head+sculpture%2F","","Dynamic buy pages endpoint"
1513542,"buy:pierre-golle","scheduled","Pierre Golle",NULL,NULL,NULL,"/search/furniture/?buyPageVariant1=true&q=pierre+golle","","Dynamic buy pages endpoint"
1514822,"buy:gmt-master","scheduled","Gmt Master",NULL,NULL,NULL,"/search/jewelry/?buyPageVariant1=true&q=gmt+master","","Dynamic buy pages endpoint: Found probable duplicates! http://internal-luigi-buyer-services-705204976.us-east-1.elb.amazonaws.com/soa/query-builder/1/dynamicBuyPage?searchTerm=gmt%20master"
1472582,"buy:clothes-hangers","live","Clothes Hangers",NULL,NULL,NULL,"/search/?q=clothes%20hanger&buyPageVariant1=true","","Generated using custom generation script"
1507142,"buy:cloud-chair","scheduled","Cloud Chair/",NULL,NULL,NULL,"/search/furniture/?buyPageVariant1=true&q=cloud+chair%2F","","Dynamic buy pages endpoint"
1454152,"buy:bed-crowns","live","Bed Crowns",NULL,NULL,NULL,"/search/?q=bed%20crowns&buyPageVariant1=true","","Generated using custom generation script"
1455432,"buy:rock-posters","live","Rock Posters",NULL,NULL,NULL,"/search/?q=rock%20posters&buyPageVariant1=true","","Generated using custom generation script"
1474632,"buy:the-joe-baseball-chairs","live","The Joe Baseball Chairs",NULL,NULL,NULL,"/search/?q=the%20joe%20baseball%20chair","","Generated using custom generation script"
1479752,"buy:gateleg-table","ended",NULL,NULL,NULL,NULL,NULL,NULL,"Soft-delete page"
1474122,"buy:smokey-quartz-rings","live","Smokey Quartz Rings",NULL,NULL,NULL,"/search/?q=smokey%20quartz%20ring&buyPageVariant1=true","","Generated using custom generation script"
1508172,"buy:drgm","scheduled","Drgm",NULL,NULL,NULL,"/search/?buyPageVariant1=true&q=drgm","","Dynamic buy pages endpoint"
1455692,"buy:harold-studios","live","Harold Studios",NULL,NULL,NULL,"/search/?q=harold%20studios","","Generated using custom generation script"
1469772,"buy:jules-rene-herve","live","Jules Rene Herve",NULL,NULL,NULL,"/search/?q=jules%20rene%20herve&buyPageVariant1=true","","Generated using custom generation script"
1473612,"buy:metal-wall-sculptures","live","Metal Wall Sculptures",NULL,NULL,NULL,"/search/?q=metal%20wall%20sculpture&buyPageVariant1=true","","Generated using custom generation script"
1507662,"buy:burgundy-chair","scheduled","Burgundy Chair/",NULL,NULL,NULL,"/search/furniture/?buyPageVariant1=true&q=burgundy+chair%2F","","Dynamic buy pages endpoint"
1455182,"buy:mardi-gras","live","Mardi Gras",NULL,NULL,NULL,"/search/?q=mardi%20gras&buyPageVariant1=true","","Generated using custom generation script"
1470542,"buy:sterling-silver-sets","live","Sterling Silver Sets",NULL,NULL,NULL,"/search/?q=sterling%20silver%20sets&buyPageVariant1=true","","Generated using custom generation script"
1508432,"buy:record-player","scheduled","Record Player",NULL,NULL,NULL,"/search/?buyPageVariant1=true&q=record+player","","Dynamic buy pages endpoint: Found probable duplicates! http://internal-mario-buyer-services-1695447112.us-east-1.elb.amazonaws.com/soa/query-builder/1/dynamicBuyPage?searchTerm=record%20player"
1468752,"buy:antique-posters","live","Antique Posters",NULL,NULL,NULL,"/search/?q=antique%20posters&buyPageVariant1=true","","Generated using custom generation script"
1545042,"buy:curved-sofas","scheduled",NULL,NULL,NULL,NULL,NULL,NULL,"Dynamic buy pages endpoint: Found probable duplicates! http://internal-mario-buyer-services-1695447112.us-east-1.elb.amazonaws.com/soa/query-builder/1/dynamicBuyPage?searchTerm=curved%20sofas"
1506642,"buy:committee","scheduled","Committee",NULL,NULL,NULL,"/search/?buyPageVariant1=true&q=committee","","Dynamic buy pages endpoint"
1501012,"buy:hermes-constance-bags","ended",NULL,NULL,NULL,NULL,NULL,NULL,"Soft-delete page"
1514582,"buy:long-entry-bench","scheduled","Long Entry Bench ",NULL,NULL,NULL,"/search/furniture/?buyPageVariant1=true&q=long+entry+bench+","","Dynamic buy pages endpoint: Found probable duplicates! http://internal-luigi-buyer-services-705204976.us-east-1.elb.amazonaws.com/soa/query-builder/1/dynamicBuyPage?searchTerm=long%20entry%20bench%20"
1469782,"buy:johann-sebastian-bach","live","Johann Sebastian Bach",NULL,NULL,NULL,"/search/?q=johann%20sebastian%20bach","","Generated using custom generation script"
1507672,"buy:2-55","scheduled",2.55,NULL,NULL,NULL,"/search/?buyPageVariant1=true&q=2.55","","Dynamic buy pages endpoint"
1514072,"buy:robert-turner","scheduled","Robert Turner",NULL,NULL,NULL,"/search/art/?buyPageVariant1=true&q=robert+turner","","Dynamic buy pages endpoint"
1455192,"buy:matt-adams","live","Matt Adams",NULL,NULL,NULL,"/search/?q=matt%20adams","","Generated using custom generation script"
1506392,"buy:large","scheduled","Large",NULL,NULL,NULL,"/search/?buyPageVariant1=true&q=large","","Dynamic buy pages endpoint: Found probable duplicates! http://internal-mario-buyer-services-1695447112.us-east-1.elb.amazonaws.com/soa/query-builder/1/dynamicBuyPage?searchTerm=large"
1508442,"buy:flamenco-dancer-painting","scheduled","Flamenco Dancer Painting/",NULL,NULL,NULL,"/search/?buyPageVariant1=true&q=flamenco+dancer+painting%2F","","Dynamic buy pages endpoint"
1455962,"buy:collectors-plates","live","Collectors Plates",NULL,NULL,NULL,"/search/?q=collectors%20plates&buyPageVariant1=true","","Generated using custom generation script"
1468762,"buy:andy-warhol-flowers","live","Andy Warhol Flowers",NULL,NULL,NULL,"/search/?q=andy%20warhol%20flowers&buyPageVariant1=true","","Generated using custom generation script"
1473882,"buy:red-figure-vases","live","Red Figure Vases",NULL,NULL,NULL,"/search/?q=red%20figure%20vase","","Generated using custom generation script"
1505882,"buy:pulegoso-foam","scheduled","Pulegoso Foam",NULL,NULL,NULL,"/search/furniture/?buyPageVariant1=true&q=pulegoso+foam","","Dynamic buy pages endpoint"
1507162,"buy:tall","scheduled","Tall",NULL,NULL,NULL,"/search/furniture/?buyPageVariant1=true&q=tall","","Dynamic buy pages endpoint: Found probable duplicates! http://internal-mario-buyer-services-1695447112.us-east-1.elb.amazonaws.com/soa/query-builder/1/dynamicBuyPage?searchTerm=tall"
1455452,"buy:shot-glasses","live","Shot Glasses",NULL,NULL,NULL,"/search/?q=shot%20glasses&buyPageVariant1=true","","Generated using custom generation script"
1454942,"buy:cavalier-king-charles","live","Cavalier King Charles",NULL,NULL,NULL,"/search/?q=cavalier%20king%20charles&buyPageVariant1=true","","Generated using custom generation script"
1472862,"buy:dragon-rings","live","Dragon Rings",NULL,NULL,NULL,"/search/?q=dragon%20ring&buyPageVariant1=true","","Generated using custom generation script"
1501022,"buy:hermes-constance-bags","ended",NULL,NULL,NULL,NULL,NULL,NULL,"Soft-delete page"
1508192,"buy:modular","scheduled","Modular",NULL,NULL,NULL,"/search/furniture/?buyPageVariant1=true&q=modular","","Dynamic buy pages endpoint: Found probable duplicates! http://internal-mario-buyer-services-1695447112.us-east-1.elb.amazonaws.com/soa/query-builder/1/dynamicBuyPage?searchTerm=modular"
1454432,"buy:moissanite-studs","live","Moissanite Studs",NULL,NULL,NULL,"/search/?q=moissanite%20studs","","Generated using custom generation script"
1506912,"buy:statement","scheduled","Statement",NULL,NULL,NULL,"/search/?buyPageVariant1=true&q=statement","","Dynamic buy pages endpoint: Found probable duplicates! http://internal-mario-buyer-services-1695447112.us-east-1.elb.amazonaws.com/soa/query-builder/1/dynamicBuyPage?searchTerm=statement"
1453922,"buy:hummel-figurines","live","Hummel Figurines",NULL,NULL,NULL,"/search/?q=hummel%20figurines","","Generated using custom generation script"
1455972,"buy:military-uniforms","live","Military Uniforms",NULL,NULL,NULL,"/search/?q=military%20uniforms&buyPageVariant1=true","","Generated using custom generation script"
1505892,"buy:old-tiles","live","Old Tiles",NULL,NULL,NULL,"/search/?buyPageVariant1=true&q=old+tiles","","Dynamic buy pages endpoint: Found probable duplicates! http://internal-mario-buyer-services-1695447112.us-east-1.elb.amazonaws.com/soa/query-builder/1/dynamicBuyPage?searchTerm=old%20tiles"
1474662,"buy:tie-clips","live","Tie Clips",NULL,NULL,NULL,"/search/?q=tie%20clip&buyPageVariant1=true","","Generated using custom generation script"
1469032,"buy:belt-buckles","live","Belt Buckles",NULL,NULL,NULL,"/search/?q=belt%20buckles&buyPageVariant1=true","","Generated using custom generation script"
1470312,"buy:roy-lichtenstein-love","live","Roy Lichtenstein Love",NULL,NULL,NULL,"/search/?q=roy%20lichtenstein%20love","","Generated using custom generation script"
1469802,"buy:kind-of-cyan","live","Kind Of Cyan",NULL,NULL,NULL,"/search/?q=kind%20of%20cyan&buyPageVariant1=true","","Generated using custom generation script"
1472362,"buy:campaign-wash-stands","live","Campaign Wash Stands",NULL,NULL,NULL,"/search/?q=campaign%20wash%20stand","","Generated using custom generation script"
1507692,"buy:scale","scheduled","Scale",NULL,NULL,NULL,"/search/?buyPageVariant1=true&q=scale","","Dynamic buy pages endpoint: Found probable duplicates! http://internal-mario-buyer-services-1695447112.us-east-1.elb.amazonaws.com/soa/query-builder/1/dynamicBuyPage?searchTerm=scale"
1456492,"buy:blue-and-white-platters","live","Blue And White Platters",NULL,NULL,NULL,"/search/?q=blue%20and%20white%20platters&buyPageVariant1=true","","Generated using custom generation script"
1469292,"buy:custom-house-signs","live","Custom House Signs",NULL,NULL,NULL,"/search/?q=custom%20house%20signs","","Generated using custom generation script"
1506412,"buy:frog-lamp","scheduled","Frog Lamp/",NULL,NULL,NULL,"/search/furniture/?buyPageVariant1=true&q=frog+lamp%2F","","Dynamic buy pages endpoint"
1508462,"buy:encyclopedias","scheduled","Encyclopedias",NULL,NULL,NULL,"/search/?buyPageVariant1=true&q=encyclopedias","","Dynamic buy pages endpoint"
1514862,"buy:celia-birtwelll","scheduled","Celia Birtwelll ",NULL,NULL,NULL,"/search/fashion/?buyPageVariant1=true&q=celia+birtwelll+","","Dynamic buy pages endpoint"
1455982,"buy:champagne-glasses","live","Champagne Glasses",NULL,NULL,NULL,"/search/?q=champagne%20glasses&buyPageVariant1=true","","Generated using custom generation script"
1472622,"buy:coat-trees","live","Coat Trees",NULL,NULL,NULL,"/search/?q=coat%20tree&buyPageVariant1=true","","Generated using custom generation script"
1454192,"buy:confit-pots","live","Confit Pots",NULL,NULL,NULL,"/search/?q=confit%20pots&buyPageVariant1=true","","Generated using custom generation script"
1455472,"buy:bath-vanities","live","Bath Vanities",NULL,NULL,NULL,"/search/?q=bath%20vanities","","Generated using custom generation script"
1474672,"buy:tile-wall-arts","live","Tile Wall Arts",NULL,NULL,NULL,"/search/?q=tile%20wall%20art&buyPageVariant1=true","","Generated using custom generation script"
1506672,"buy:cable-ring","scheduled","Cable Ring/",NULL,NULL,NULL,"/search/?buyPageVariant1=true&q=cable+ring%2F","","Dynamic buy pages endpoint"
1513842,"buy:quan-yin","scheduled","Quan Yin",NULL,NULL,NULL,"/search/?buyPageVariant1=true&q=quan+yin","","Dynamic buy pages endpoint: Found probable duplicates! http://internal-luigi-buyer-services-705204976.us-east-1.elb.amazonaws.com/soa/query-builder/1/dynamicBuyPage?searchTerm=quan%20yin"
1456242,"buy:pop-art-super-heros","live","Pop Art Super Heros",NULL,NULL,NULL,"/search/?q=pop%20art%20super%20heros","","Generated using custom generation script"
588402,"buy:tropical-floral-dress","scheduled",NULL,NULL,NULL,NULL,"","",""
1506932,"buy:horse-head","scheduled","Horse Head",NULL,NULL,NULL,"/search/?buyPageVariant1=true&q=horse+head","","Dynamic buy pages endpoint: Found probable duplicates! http://internal-mario-buyer-services-1695447112.us-east-1.elb.amazonaws.com/soa/query-builder/1/dynamicBuyPage?searchTerm=horse%20head"
1453942,"buy:szor-collections","live","Szor Collections",NULL,NULL,NULL,"/search/?q=szor%20collections","","Generated using custom generation script"
1455222,"buy:shot-glass","live","Shot Glass",NULL,NULL,NULL,"/search/?q=shot%20glass&buyPageVariant1=true","","Generated using custom generation script"
1469302,"buy:derriere-le-miroir","live","Derriere Le Miroir",NULL,NULL,NULL,"/search/?q=derriere%20le%20miroir&buyPageVariant1=true","","Generated using custom generation script"
1471862,"buy:black-forest-stags","live","Black Forest Stags",NULL,NULL,NULL,"/search/?q=black%20forest%20stag&buyPageVariant1=true","","Generated using custom generation script"
1508472,"buy:cashmere","scheduled","Cashmere",NULL,NULL,NULL,"/search/fashion/?buyPageVariant1=true&q=cashmere","","Dynamic buy pages endpoint: Found probable duplicates! http://internal-mario-buyer-services-1695447112.us-east-1.elb.amazonaws.com/soa/query-builder/1/dynamicBuyPage?searchTerm=cashmere"
1455992,"buy:pullman-galleries","live","Pullman Galleries",NULL,NULL,NULL,"/search/?q=pullman%20galleries","","Generated using custom generation script"
1468792,"buy:antique-mexican-paintings","live","Antique Mexican Paintings",NULL,NULL,NULL,"/search/?q=antique%20mexican%20paintings","","Generated using custom generation script"
1507192,"buy:scissor","scheduled","Scissor",NULL,NULL,NULL,"/search/?buyPageVariant1=true&q=scissor","","Dynamic buy pages endpoint: Found probable duplicates! http://internal-mario-buyer-services-1695447112.us-east-1.elb.amazonaws.com/soa/query-builder/1/dynamicBuyPage?searchTerm=scissor"
1454202,"buy:coral-beads","live","Coral Beads",NULL,NULL,NULL,"/search/?q=coral%20beads&buyPageVariant1=true","","Generated using custom generation script"
1515132,"buy:p-j-muntendam","scheduled","P J Muntendam",NULL,NULL,NULL,"/search/furniture/?buyPageVariant1=true&q=p+j+muntendam","","Dynamic buy pages endpoint"
1471612,"buy:barye-lion-serpents","live","Barye Lion Serpents",NULL,NULL,NULL,"/search/?q=barye%20lion%20serpent&buyPageVariant1=true","","Generated using custom generation script"
1501052,"buy:hermes-constance-bags","ended",NULL,NULL,NULL,NULL,NULL,NULL,""
1514622,"buy:palm-beach","scheduled","Palm Beach",NULL,NULL,NULL,"/search/?buyPageVariant1=true&q=palm+beach","","Dynamic buy pages endpoint"
1453182,"buy:star-wars","live","Star Wars",NULL,NULL,NULL,"/search/?q=star%20wars&buyPageVariant1=true","","Generated using custom generation script"
1454462,"buy:mughal-paintings","live","Mughal Paintings",NULL,NULL,NULL,"/search/?q=mughal%20paintings&buyPageVariant1=true","","Generated using custom generation script"
1455742,"buy:leather-horses","live","Leather Horses",NULL,NULL,NULL,"/search/?q=leather%20horses&buyPageVariant1=true","","Generated using custom generation script"
1505662,"buy:kimono","scheduled","Kimono",NULL,NULL,NULL,"/search/?buyPageVariant1=true&q=kimono","","Dynamic buy pages endpoint: Found probable duplicates! http://internal-mario-buyer-services-1695447112.us-east-1.elb.amazonaws.com/soa/query-builder/1/dynamicBuyPage?searchTerm=kimono"
1514112,"buy:tilt-top","scheduled","Tilt Top",NULL,NULL,NULL,"/search/furniture/?buyPageVariant1=true&q=tilt+top","","Dynamic buy pages endpoint: Found probable duplicates! http://internal-luigi-buyer-services-705204976.us-east-1.elb.amazonaws.com/soa/query-builder/1/dynamicBuyPage?searchTerm=tilt%20top"
1452672,"buy:currier-and-ives","live","Currier And Ives",NULL,NULL,NULL,"/search/?q=currier%20and%20ives&buyPageVariant1=true","","Generated using custom generation script"
1455232,"buy:plant-pots","live","Plant Pots",NULL,NULL,NULL,"/search/?q=plant%20pots&buyPageVariant1=true","","Generated using custom generation script"
1471872,"buy:black-fire-opals","live","Black Fire Opals",NULL,NULL,NULL,"/search/?q=black%20fire%20opal&buyPageVariant1=true","","Generated using custom generation script"
1473152,"buy:french-bulldogs","live","French Bulldogs",NULL,NULL,NULL,"/search/?q=french%20bulldog&buyPageVariant1=true","","Generated using custom generation script"
1454722,"buy:diana-the-huntress","live","Diana The Huntress",NULL,NULL,NULL,"/search/?q=diana%20the%20huntress&buyPageVariant1=true","","Generated using custom generation script"
1472642,"buy:coffee-grinders","live","Coffee Grinders",NULL,NULL,NULL,"/search/?q=coffee%20grinder&buyPageVariant1=true","","Generated using custom generation script"
1473922,"buy:religious-gold-pendants","live","Religious Gold Pendants",NULL,NULL,NULL,"/search/?q=religious%20gold%20pendant&buyPageVariant1=true","","Generated using custom generation script"
1515912,"buy:butterfly-hanging-lamp","scheduled","Butterfly Hanging Lamp",NULL,NULL,NULL,"/search/furniture/?buyPageVariant1=true&q=butterfly+hanging+lamp","","Dynamic buy pages endpoint: Found probable duplicates! http://internal-luigi-buyer-services-705204976.us-east-1.elb.amazonaws.com/soa/query-builder/1/dynamicBuyPage?searchTerm=butterfly%20hanging%20lamp"
1469832,"buy:kenneth-j-lane","live","Kenneth J Lane",NULL,NULL,NULL,"/search/?q=kenneth%20j%20lane&buyPageVariant1=true","","Generated using custom generation script"
1472392,"buy:card-holders","live","Card Holders",NULL,NULL,NULL,"/search/?q=card%20holder&buyPageVariant1=true","","Generated using custom generation script"
1506952,"buy:hanging-bookcase","scheduled","Hanging Bookcase/",NULL,NULL,NULL,"/search/furniture/?buyPageVariant1=true&q=hanging+bookcase%2F","","Dynamic buy pages endpoint"
1512842,"buy:bird-bath","scheduled","Bird Bath",NULL,NULL,NULL,"/search/?buyPageVariant1=true&q=bird+bath","","Dynamic buy pages endpoint: Found probable duplicates! http://internal-luigi-buyer-services-705204976.us-east-1.elb.amazonaws.com/soa/query-builder/1/dynamicBuyPage?searchTerm=bird%20bath"
1506442,"buy:croquet","scheduled","Croquet",NULL,NULL,NULL,"/search/?buyPageVariant1=true&q=croquet","","Dynamic buy pages endpoint: Found probable duplicates! http://internal-mario-buyer-services-1695447112.us-east-1.elb.amazonaws.com/soa/query-builder/1/dynamicBuyPage?searchTerm=croquet"
1470092,"buy:olga-de-amaral","live","Olga De Amaral",NULL,NULL,NULL,"/search/?q=olga%20de%20amaral","","Generated using custom generation script"
1507212,"buy:large-ornate-mirror","scheduled","Large Ornate Mirror/",NULL,NULL,NULL,"/search/furniture/?buyPageVariant1=true&q=large+ornate+mirror%2F","","Dynamic buy pages endpoint"
1515662,"buy:david-gunn","scheduled","David Gunn",NULL,NULL,NULL,"/search/art/?buyPageVariant1=true&q=david+gunn","","Dynamic buy pages endpoint"
649102,"buy:vintage-and-antique-propellers","scheduled",NULL,NULL,NULL,NULL,"","",""
1507472,"buy:divan","scheduled","Divan",NULL,NULL,NULL,"/search/?buyPageVariant1=true&q=divan","","Dynamic buy pages endpoint: Found probable duplicates! http://internal-mario-buyer-services-1695447112.us-east-1.elb.amazonaws.com/soa/query-builder/1/dynamicBuyPage?searchTerm=divan"
1453202,"buy:mikimoto-pearls","live","Mikimoto Pearls",NULL,NULL,NULL,"/search/?q=mikimoto%20pearls&buyPageVariant1=true","","Generated using custom generation script"
1469842,"buy:kenneth-j-lane-cross","live","Kenneth J Lane Cross",NULL,NULL,NULL,"/search/?q=kenneth%20j%20lane%20cross&buyPageVariant1=true","","Generated using custom generation script"
1505682,"buy:tartan","scheduled","Tartan",NULL,NULL,NULL,"/search/?buyPageVariant1=true&q=tartan","","Dynamic buy pages endpoint: Found probable duplicates! http://internal-mario-buyer-services-1695447112.us-east-1.elb.amazonaws.com/soa/query-builder/1/dynamicBuyPage?searchTerm=tartan"
1507732,"buy:dueber","scheduled","Dueber",NULL,NULL,NULL,"/search/jewelry/?buyPageVariant1=true&q=dueber","","Dynamic buy pages endpoint"
1455252,"buy:cookie-jars","live","Cookie Jars",NULL,NULL,NULL,"/search/?q=cookie%20jars&buyPageVariant1=true","","Generated using custom generation script"
1506452,"buy:sugar-caster","scheduled","Sugar Caster/",NULL,NULL,NULL,"/search/?buyPageVariant1=true&q=sugar+caster%2F","","Dynamic buy pages endpoint"
1508502,"buy:display-counter","scheduled","Display Counter",NULL,NULL,NULL,"/search/furniture/?buyPageVariant1=true&q=display+counter","","Dynamic buy pages endpoint"
1453462,"buy:cranberry-glass","live","Cranberry Glass",NULL,NULL,NULL,"/search/?q=cranberry%20glass&buyPageVariant1=true","","Generated using custom generation script"
1471382,"buy:antique-maps","live","Antique Maps",NULL,NULL,NULL,"/search/?q=antique%20map&buyPageVariant1=true","","Generated using custom generation script"
1472662,"buy:collier-de-chiens","live","Collier De Chiens",NULL,NULL,NULL,"/search/?q=collier%20de%20chien&buyPageVariant1=true","","Generated using custom generation script"
1505942,"buy:seduction","scheduled","Seduction",NULL,NULL,NULL,"/search/?buyPageVariant1=true&q=seduction","","Dynamic buy pages endpoint"
1507992,"buy:tica","scheduled","Tica",NULL,NULL,NULL,"/search/?buyPageVariant1=true&q=tica","","Dynamic buy pages endpoint: Found probable duplicates! http://internal-mario-buyer-services-1695447112.us-east-1.elb.amazonaws.com/soa/query-builder/1/dynamicBuyPage?searchTerm=tica"
1473432,"buy:hair-clips","live","Hair Clips",NULL,NULL,NULL,"/search/?q=hair%20clip&buyPageVariant1=true","","Generated using custom generation script"
276633,"buy:candle-holders-chandeliers","live",NULL,NULL,NULL,NULL,NULL,NULL,""
1515162,"buy:kitchen-hutch","scheduled","Kitchen Hutch",NULL,NULL,NULL,"/search/furniture/?buyPageVariant1=true&q=kitchen+hutch","","Dynamic buy pages endpoint"
1453722,"buy:cabinet-of-curiosities","live","Cabinet Of Curiosities",NULL,NULL,NULL,"/search/?q=cabinet%20of%20curiosities&buyPageVariant1=true","","Generated using custom generation script"
1469082,"buy:blue-and-white-objects","live","Blue And White Objects",NULL,NULL,NULL,"/search/?q=blue%20and%20white%20objects&buyPageVariant1=true","","Generated using custom generation script"
1470362,"buy:shirt-studs","live","Shirt Studs",NULL,NULL,NULL,"/search/?q=shirt%20studs&buyPageVariant1=true","","Generated using custom generation script"
1471642,"buy:beach-chairs","live","Beach Chairs",NULL,NULL,NULL,"/search/?q=beach%20chair&buyPageVariant1=true","","Generated using custom generation script"
1472922,"buy:electric-fans","live","Electric Fans",NULL,NULL,NULL,"/search/?q=electric%20fan&buyPageVariant1=true","","Generated using custom generation script"
1506202,"buy:tennessee-williams","live","Tennessee Williams",NULL,NULL,NULL,"/search/?buyPageVariant1=true&q=tennessee+williams","","Dynamic buy pages endpoint"
1454492,"buy:framed-botanicals","live","Framed Botanicals",NULL,NULL,NULL,"/search/?q=framed%20botanicals&buyPageVariant1=true","","Generated using custom generation script"
1473692,"buy:owl-athena-coins","live","Owl Athena Coins",NULL,NULL,NULL,"/search/?q=owl%20athena%20coin","","Generated using custom generation script"
1505692,"buy:tallboy","scheduled","Tallboy",NULL,NULL,NULL,"/search/furniture/?buyPageVariant1=true&q=tallboy","","Dynamic buy pages endpoint: Found probable duplicates! http://internal-mario-buyer-services-1695447112.us-east-1.elb.amazonaws.com/soa/query-builder/1/dynamicBuyPage?searchTerm=tallboy"
1514142,"buy:reading-glasses","scheduled","Reading Glasses",NULL,NULL,NULL,"/search/?buyPageVariant1=true&q=reading+glasses","","Dynamic buy pages endpoint"
1452702,"buy:perfume-bottles","live","Perfume Bottles",NULL,NULL,NULL,"/search/?q=perfume%20bottles&buyPageVariant1=true","","Generated using custom generation script"
1456542,"buy:bronze-statues-of-horses","live","Bronze Statues Of Horses",NULL,NULL,NULL,"/search/?q=bronze%20statues%20of%20horses&buyPageVariant1=true","","Generated using custom generation script"
1475742,"buy:antique-music-boxes","live","Antique Music Boxes",NULL,NULL,NULL,"/search/?q=antique%20music%20box&buyPageVariant1=true","","Generated using custom generation script"
1506462,"buy:robot-lamp","scheduled","Robot Lamp/",NULL,NULL,NULL,"/search/furniture/?buyPageVariant1=true&q=robot+lamp%2F","","Dynamic buy pages endpoint"
424863,"buy:los-angeles-posters","live",NULL,NULL,NULL,NULL,NULL,NULL,""
1456032,"buy:ancient-antiquities","live","Ancient Antiquities",NULL,NULL,NULL,"/search/?q=ancient%20antiquities&buyPageVariant1=true","","Generated using custom generation script"
1468832,"buy:arc-en-ciel","live","Arc En Ciel",NULL,NULL,NULL,"/search/?q=arc%20en%20ciel&buyPageVariant1=true","","Generated using custom generation script"
1508002,"buy:moorish-antique","scheduled","Moorish-Antique",NULL,NULL,NULL,"/search/furniture/?buyPageVariant1=true&q=moorish-antique","","Dynamic buy pages endpoint"
1454242,"buy:ship-models","live","Ship Models",NULL,NULL,NULL,"/search/?q=ship%20models&buyPageVariant1=true","","Generated using custom generation script"
1469602,"buy:grand-pianos","live","Grand Pianos",NULL,NULL,NULL,"/search/?q=grand%20pianos&buyPageVariant1=true","","Generated using custom generation script"
1473442,"buy:gun-cabinets","live","Gun Cabinets",NULL,NULL,NULL,"/search/?q=gun%20cabinet&buyPageVariant1=true","","Generated using custom generation script"
276643,"buy:candle-holders-sconces","live",NULL,NULL,NULL,NULL,NULL,NULL,""
1469092,"buy:blue-and-white-tiles","live","Blue And White Tiles",NULL,NULL,NULL,"/search/?q=blue%20and%20white%20tiles&buyPageVariant1=true","","Generated using custom generation script"
1508262,"buy:ostrich-feather-coat","scheduled","Ostrich Feather Coat/",NULL,NULL,NULL,"/search/fashion/?buyPageVariant1=true&q=ostrich+feather+coat%2F","","Dynamic buy pages endpoint"
1513382,"buy:drinks-trolley","scheduled","Drinks Trolley",NULL,NULL,NULL,"/search/furniture/?buyPageVariant1=true&q=drinks+trolley","","Dynamic buy pages endpoint"
1469862,"buy:la-rose-rouge","live","La Rose Rouge",NULL,NULL,NULL,"/search/?q=la%20rose%20rouge","","Generated using custom generation script"
1472422,"buy:celestial-globes","live","Celestial Globes",NULL,NULL,NULL,"/search/?q=celestial%20globe&buyPageVariant1=true","","Generated using custom generation script"
1474472,"buy:tall-outdoor-sculptures","live","Tall Outdoor Sculptures",NULL,NULL,NULL,"/search/?q=tall%20outdoor%20sculpture","","Generated using custom generation script"
1470122,"buy:opera-glasses","live","Opera Glasses",NULL,NULL,NULL,"/search/?q=opera%20glasses&buyPageVariant1=true","","Generated using custom generation script"
1469612,"buy:gold-belt-buckles","live","Gold Belt Buckles",NULL,NULL,NULL,"/search/?q=gold%20belt%20buckles&buyPageVariant1=true","","Generated using custom generation script"
276653,"buy:outdoor-lights-sconces","live",NULL,NULL,NULL,NULL,NULL,NULL,""
1591981,"buy:yves-saint-laurent-vintage-necklace","scheduled",NULL,NULL,NULL,NULL,NULL,NULL,"Dynamic buy pages endpoint"
1453742,"buy:bee-pins","live","Bee Pins",NULL,NULL,NULL,"/search/?q=bee%20pins&buyPageVariant1=true","","Generated using custom generation script"
1472942,"buy:enamel-pendants","live","Enamel Pendants",NULL,NULL,NULL,"/search/?q=enamel%20pendant&buyPageVariant1=true","","Generated using custom generation script"
1454512,"buy:piranesi-etchings","live","Piranesi Etchings",NULL,NULL,NULL,"/search/?q=piranesi%20etchings&buyPageVariant1=true","","Generated using custom generation script"
1455282,"buy:rare-prints","live","Rare Prints",NULL,NULL,NULL,"/search/?q=rare%20prints&buyPageVariant1=true","","Generated using custom generation script"
1506482,"buy:ysl","scheduled","Ysl",NULL,NULL,NULL,"/search/fashion/?buyPageVariant1=true&q=ysl","","Dynamic buy pages endpoint: Found probable duplicates! http://internal-mario-buyer-services-1695447112.us-east-1.elb.amazonaws.com/soa/query-builder/1/dynamicBuyPage?searchTerm=ysl"
1514932,"buy:credenza-w-book-shelves","scheduled","Credenza W Book Shelves",NULL,NULL,NULL,"/search/furniture/?buyPageVariant1=true&q=credenza+w+book+shelves","","Dynamic buy pages endpoint"
1470132,"buy:our-lady-guadalupe","live","Our Lady Guadalupe",NULL,NULL,NULL,"/search/?q=our%20lady%20guadalupe","","Generated using custom generation script"
1472692,"buy:cricket-bats","live","Cricket Bats",NULL,NULL,NULL,"/search/?q=cricket%20bat&buyPageVariant1=true","","Generated using custom generation script"
1473972,"buy:scottish-anchor-pins","live","Scottish Anchor Pins",NULL,NULL,NULL,"/search/?q=scottish%20anchor%20pin","","Generated using custom generation script"
1505972,"buy:queen-headboard","scheduled","Queen Headboard",NULL,NULL,NULL,"/search/furniture/?buyPageVariant1=true&q=queen+headboard","","Dynamic buy pages endpoint: Found probable duplicates! http://internal-mario-buyer-services-1695447112.us-east-1.elb.amazonaws.com/soa/query-builder/1/dynamicBuyPage?searchTerm=queen%20headboard"
1501622,"buy:gateleg-table","live",NULL,NULL,NULL,NULL,NULL,NULL,"Soft-delete page"
1471672,"buy:bath-tubs","live","Bath Tubs",NULL,NULL,NULL,"/search/?q=bath%20tub&buyPageVariant1=true","","Generated using custom generation script"
1473722,"buy:pet-carriers","live","Pet Carriers",NULL,NULL,NULL,"/search/?q=pet%20carrier&buyPageVariant1=true","","Generated using custom generation script"
1505722,"buy:round-nightstand","scheduled","Round Nightstand",NULL,NULL,NULL,"/search/furniture/?buyPageVariant1=true&q=round+nightstand","","Dynamic buy pages endpoint: Found probable duplicates! http://internal-mario-buyer-services-1695447112.us-east-1.elb.amazonaws.com/soa/query-builder/1/dynamicBuyPage?searchTerm=round%20nightstand"
1507772,"buy:oriental-runner","scheduled","Oriental Runner/",NULL,NULL,NULL,"/search/furniture/?buyPageVariant1=true&q=oriental+runner%2F","","Dynamic buy pages endpoint"
1455292,"buy:totem-poles","live","Totem Poles",NULL,NULL,NULL,"/search/?q=totem%20poles&buyPageVariant1=true","","Generated using custom generation script"
1470652,"buy:terra-cotta-tiles","live","Terra Cotta Tiles",NULL,NULL,NULL,"/search/?q=terra%20cotta%20tiles","","Generated using custom generation script"
1506492,"buy:mother","scheduled","Mother",NULL,NULL,NULL,"/search/?buyPageVariant1=true&q=mother","","Dynamic buy pages endpoint: Found probable duplicates! http://internal-mario-buyer-services-1695447112.us-east-1.elb.amazonaws.com/soa/query-builder/1/dynamicBuyPage?searchTerm=mother"
1474752,"buy:tortoise-mother-of-pearls","live","Tortoise Mother Of Pearls",NULL,NULL,NULL,"/search/?q=tortoise%20mother%20of%20pearl&buyPageVariant1=true","","Generated using custom generation script"
1456322,"buy:lake-or-sea-paintings","live","Lake Or Sea Paintings",NULL,NULL,NULL,"/search/?q=lake%20or%20sea%20paintings&buyPageVariant1=true","","Generated using custom generation script"
1471682,"buy:bean-bags","live","Bean Bags",NULL,NULL,NULL,"/search/?q=bean%20bag&buyPageVariant1=true","","Generated using custom generation script"
1474242,"buy:steel-and-glass-doors","live","Steel And Glass Doors",NULL,NULL,NULL,"/search/?q=steel%20and%20glass%20door&buyPageVariant1=true","","Generated using custom generation script"
1453252,"buy:coat-of-arms","live","Coat Of Arms",NULL,NULL,NULL,"/search/?q=coat%20of%20arms&buyPageVariant1=true","","Generated using custom generation script"
1457092,"buy:abstract-modernist-wood-sculptures","live","Abstract Modernist Wood Sculptures",NULL,NULL,NULL,"/search/?q=abstract%20modernist%20wood%20sculptures&buyPageVariant1=true","","Generated using custom generation script"
1505732,"buy:long-couch","scheduled","Long Couch",NULL,NULL,NULL,"/search/?buyPageVariant1=true&q=long+couch","","Dynamic buy pages endpoint: Found probable duplicates! http://internal-mario-buyer-services-1695447112.us-east-1.elb.amazonaws.com/soa/query-builder/1/dynamicBuyPage?searchTerm=long%20couch"
1507012,"buy:sculptor-stand","scheduled","Sculptor Stand/",NULL,NULL,NULL,"/search/furniture/?buyPageVariant1=true&q=sculptor+stand%2F","","Dynamic buy pages endpoint"
1471432,"buy:antique-shawls","live","Antique Shawls",NULL,NULL,NULL,"/search/?q=antique%20shawl&buyPageVariant1=true","","Generated using custom generation script"
1454282,"buy:morris-louis","live","Morris Louis",NULL,NULL,NULL,"/search/?q=morris%20louis","","Generated using custom generation script"
1469642,"buy:henry-scott-tuke","live","Henry Scott Tuke",NULL,NULL,NULL,"/search/?q=henry%20scott%20tuke","","Generated using custom generation script"
1470922,"buy:vintage-designer-jewelry","live","Vintage Designer Jewelry",NULL,NULL,NULL,"/search/?q=vintage%20designer%20jewelry&buyPageVariant1=true","","Generated using custom generation script"
1473482,"buy:horse-heads","live","Horse Heads",NULL,NULL,NULL,"/search/?q=horse%20head&buyPageVariant1=true","","Generated using custom generation script"
1506762,"buy:first-edition","scheduled","First Edition",NULL,NULL,NULL,"/search/furniture/?buyPageVariant1=true&q=first+edition","","Dynamic buy pages endpoint: Found probable duplicates! http://internal-mario-buyer-services-1695447112.us-east-1.elb.amazonaws.com/soa/query-builder/1/dynamicBuyPage?searchTerm=first%20edition"
1507532,"buy:kelly-28","scheduled","Kelly 28",NULL,NULL,NULL,"/search/fashion/?buyPageVariant1=true&q=kelly+28","","Dynamic buy pages endpoint"
1452492,"buy:van-cleef-and-arpels","live","Van Cleef And Arpels",NULL,NULL,NULL,"/search/?q=van%20cleef%20and%20arpels&buyPageVariant1=true","","Generated using custom generation script"
1471692,"buy:belgium-blue-stones","live","Belgium Blue Stones",NULL,NULL,NULL,"/search/?q=belgium%20blue%20stone&buyPageVariant1=true","","Generated using custom generation script"
1508302,"buy:candy","scheduled","Candy",NULL,NULL,NULL,"/search/?buyPageVariant1=true&q=candy","","Dynamic buy pages endpoint: Found probable duplicates! http://internal-mario-buyer-services-1695447112.us-east-1.elb.amazonaws.com/soa/query-builder/1/dynamicBuyPage?searchTerm=candy"
1469902,"buy:liberty-blue-china","live","Liberty Blue China",NULL,NULL,NULL,"/search/?q=liberty%20blue%20china","","Generated using custom generation script"
1515472,"buy:pair-demilune","scheduled","Pair Demilune",NULL,NULL,NULL,"/search/furniture/?buyPageVariant1=true&q=pair+demilune","","Dynamic buy pages endpoint"
1456592,"buy:salt-and-pepper-diamonds","live","Salt And Pepper Diamonds",NULL,NULL,NULL,"/search/?q=salt%20and%20pepper%20diamonds&buyPageVariant1=true","","Generated using custom generation script"
1469392,"buy:flow-blue-china","live","Flow Blue China",NULL,NULL,NULL,"/search/?q=flow%20blue%20china","","Generated using custom generation script"
1470672,"buy:thames-valley-windsor","live","Thames Valley Windsor",NULL,NULL,NULL,"/search/?q=thames%20valley%20windsor&buyPageVariant1=true","","Generated using custom generation script"
1453522,"buy:loose-gems","live","Loose Gems",NULL,NULL,NULL,"/search/?q=loose%20gems&buyPageVariant1=true","","Generated using custom generation script"
1474002,"buy:shooting-gallery-targets","live","Shooting Gallery Targets",NULL,NULL,NULL,"/search/?q=shooting%20gallery%20target&buyPageVariant1=true","","Generated using custom generation script"
1506002,"buy:pug-painting","scheduled","Pug Painting/",NULL,NULL,NULL,"/search/?buyPageVariant1=true&q=pug+painting%2F","","Dynamic buy pages endpoint"
1508052,"buy:anatomical-beetle","scheduled","Anatomical Beetle",NULL,NULL,NULL,"/search/furniture/?buyPageVariant1=true&q=anatomical+beetle","","Dynamic buy pages endpoint"
1455572,"buy:mark-gonzales","live","Mark Gonzales",NULL,NULL,NULL,"/search/?q=mark%20gonzales","","Generated using custom generation script"
1472212,"buy:brass-statues","live","Brass Statues",NULL,NULL,NULL,"/search/?q=brass%20statue&buyPageVariant1=true","","Generated using custom generation script"
1473492,"buy:horse-statues","live","Horse Statues",NULL,NULL,NULL,"/search/?q=horse%20statue&buyPageVariant1=true","","Generated using custom generation script"
276693,"buy:flowers-lamps","live",NULL,NULL,NULL,NULL,NULL,NULL,""
1507542,"buy:perlee","scheduled","Perlee",NULL,NULL,NULL,"/search/?buyPageVariant1=true&q=perlee","","Dynamic buy pages endpoint"
1456342,"buy:art-deco-shield-rings","live","Art Deco Shield Rings",NULL,NULL,NULL,"/search/?q=art%20deco%20shield%20rings&buyPageVariant1=true","","Generated using custom generation script"
1471702,"buy:beach-hats","live","Beach Hats",NULL,NULL,NULL,"/search/?q=beach%20hat&buyPageVariant1=true","","Generated using custom generation script"
1508312,"buy:people-at-the-beach","scheduled","People At The Beach",NULL,NULL,NULL,"/search/art/?buyPageVariant1=true&q=people+at+the+beach","","Dynamic buy pages endpoint"
1454552,"buy:currier-and-ives-prints","live","Currier And Ives Prints",NULL,NULL,NULL,"/search/?q=currier%20and%20ives%20prints&buyPageVariant1=true","","Generated using custom generation script"
1455832,"buy:marcus-aurelius","live","Marcus Aurelius",NULL,NULL,NULL,"/search/?q=marcus%20aurelius&buyPageVariant1=true","","Generated using custom generation script"
1505752,"buy:pediment","scheduled","Pediment ",NULL,NULL,NULL,"/search/furniture/?buyPageVariant1=true&q=pediment+","","Dynamic buy pages endpoint: Found probable duplicates! http://internal-mario-buyer-services-1695447112.us-east-1.elb.amazonaws.com/soa/query-builder/1/dynamicBuyPage?searchTerm=pediment%20"
1515482,"buy:the-last-supper","scheduled","The Last Supper ",NULL,NULL,NULL,"/search/?buyPageVariant1=true&q=the+last+supper+","","Dynamic buy pages endpoint"
1452762,"buy:rare-books","live","Rare Books",NULL,NULL,NULL,"/search/?q=rare%20books&buyPageVariant1=true","","Generated using custom generation script"
1470682,"buy:thick-gold-chains","live","Thick Gold Chains",NULL,NULL,NULL,"/search/?q=thick%20gold%20chains&buyPageVariant1=true","","Generated using custom generation script"
1471962,"buy:bloodstone-rings","live","Bloodstone Rings",NULL,NULL,NULL,"/search/?q=bloodstone%20ring&buyPageVariant1=true","","Generated using custom generation script"
1474522,"buy:tapestry-with-fringes","live","Tapestry With Fringes",NULL,NULL,NULL,"/search/?q=tapestry%20with%20fringe&buyPageVariant1=true","","Generated using custom generation script"
1475802,"buy:cigarette-boxes","live","Cigarette Boxes",NULL,NULL,NULL,"/search/?q=cigarette%20box&buyPageVariant1=true","","Generated using custom generation script"
1453532,"buy:rare-coins","live","Rare Coins",NULL,NULL,NULL,"/search/?q=rare%20coins&buyPageVariant1=true","","Generated using custom generation script"
1506012,"buy:julius-caesar-bust","scheduled","Julius Caesar Bust/",NULL,NULL,NULL,"/search/furniture/?buyPageVariant1=true&q=julius+caesar+bust%2F","","Dynamic buy pages endpoint"
1583582,"buy:gold-rolls-royce-earrings","live",NULL,NULL,NULL,NULL,NULL,NULL,"Soft-delete page"
1454302,"buy:orson-welles","live","Orson Welles",NULL,NULL,NULL,"/search/?q=orson%20welles&buyPageVariant1=true","","Generated using custom generation script"
1452512,"buy:movie-posters","live","Movie Posters",NULL,NULL,NULL,"/search/?q=movie%20posters&buyPageVariant1=true","","Generated using custom generation script"
1453792,"buy:faberge-eggs","live","Faberge Eggs",NULL,NULL,NULL,"/search/?q=faberge%20eggs&buyPageVariant1=true","","Generated using custom generation script"
1506272,"buy:tree-branch-lamp","scheduled","Tree Branch Lamp/",NULL,NULL,NULL,"/search/furniture/?buyPageVariant1=true&q=tree+branch+lamp%2F","","Dynamic buy pages endpoint"
335073,"buy:copper-sculptures","live",NULL,NULL,NULL,NULL,NULL,NULL,""
1475042,"buy:vintage-carnival-games","live","Vintage Carnival Games",NULL,NULL,NULL,"/search/?q=vintage%20carnival%20game","","Generated using custom generation script"
1454052,"buy:tiffany-stained-glass","live","Tiffany Stained Glass",NULL,NULL,NULL,"/search/?q=tiffany%20stained%20glass&buyPageVariant1=true","","Generated using custom generation script"
1475812,"buy:elvis-presley-watches","live","Elvis Presley Watches",NULL,NULL,NULL,"/search/?q=elvis%20presley%20watch","","Generated using custom generation script"
1600742,"buy:pair-of-mid-century-chairs","scheduled",NULL,NULL,NULL,NULL,NULL,NULL,"Dynamic buy pages endpoint: Found probable duplicates! http://internal-mario-buyer-services-1695447112.us-east-1.elb.amazonaws.com/soa/query-builder/1/dynamicBuyPage?searchTerm=pair%20of%20mid%20century%20chairs"
1506022,"buy:coaster","scheduled","Coaster",NULL,NULL,NULL,"/search/furniture/?buyPageVariant1=true&q=coaster","","Dynamic buy pages endpoint: Found probable duplicates! http://internal-mario-buyer-services-1695447112.us-east-1.elb.amazonaws.com/soa/query-builder/1/dynamicBuyPage?searchTerm=coaster"
1453032,"buy:vanity-chairs","live","Vanity Chairs",NULL,NULL,NULL,"/search/?q=vanity%20chairs&buyPageVariant1=true","","Generated using custom generation script"
1455592,"buy:taurus-charms","live","Taurus Charms",NULL,NULL,NULL,"/search/?q=taurus%20charms","","Generated using custom generation script"
1473512,"buy:huge-fish-bowls","live","Huge Fish Bowls",NULL,NULL,NULL,"/search/?q=huge%20fish%20bowl","","Generated using custom generation script"
1507562,"buy:angel-skin","scheduled","Angel Skin",NULL,NULL,NULL,"/search/?buyPageVariant1=true&q=angel+skin","","Dynamic buy pages endpoint: Found probable duplicates! http://internal-mario-buyer-services-1695447112.us-east-1.elb.amazonaws.com/soa/query-builder/1/dynamicBuyPage?searchTerm=angel%20skin"
1452522,"buy:male-nudes","live","Male Nudes",NULL,NULL,NULL,"/search/?q=male%20nudes&buyPageVariant1=true","","Generated using custom generation script"
1469162,"buy:blue-leather-books","live","Blue Leather Books",NULL,NULL,NULL,"/search/?q=blue%20leather%20books","","Generated using custom generation script"
1471722,"buy:belt-with-golds","live","Belt With Golds",NULL,NULL,NULL,"/search/?q=belt%20with%20gold&buyPageVariant1=true","","Generated using custom generation script"
1454572,"buy:japanese-wood-block-prints","live","Japanese Wood Block Prints",NULL,NULL,NULL,"/search/?q=japanese%20wood%20block%20prints&buyPageVariant1=true","","Generated using custom generation script"
1455852,"buy:chagall-etchings","live","Chagall Etchings",NULL,NULL,NULL,"/search/?q=chagall%20etchings&buyPageVariant1=true","","Generated using custom generation script"
1471212,"buy:ysl-vintage-jewelry","live","Ysl Vintage Jewelry",NULL,NULL,NULL,"/search/?q=ysl%20vintage%20jewelry&buyPageVariant1=true","","Generated using custom generation script"
1505772,"buy:shamballa","scheduled","Shamballa",NULL,NULL,NULL,"/search/?buyPageVariant1=true&q=shamballa","","Dynamic buy pages endpoint"
242413,"buy:cartier-eternity-rings","live","",NULL,NULL,NULL,"","",""
1515502,"buy:flat-weave-runner","scheduled","Flat Weave Runner",NULL,NULL,NULL,"/search/furniture/?buyPageVariant1=true&q=flat+weave+runner","","Dynamic buy pages endpoint: Found probable duplicates! http://internal-luigi-buyer-services-705204976.us-east-1.elb.amazonaws.com/soa/query-builder/1/dynamicBuyPage?searchTerm=flat%20weave%20runner"
1452782,"buy:botanical-prints","live","Botanical Prints",NULL,NULL,NULL,"/search/?q=botanical%20prints&buyPageVariant1=true","","Generated using custom generation script"
1455342,"buy:cowboy-boots","live","Cowboy Boots",NULL,NULL,NULL,"/search/?q=cowboy%20boots&buyPageVariant1=true","","Generated using custom generation script"
1471982,"buy:black-ties","live","Black Ties",NULL,NULL,NULL,"/search/?q=black%20tie&buyPageVariant1=true","","Generated using custom generation script"
1453552,"buy:amber-beads","live","Amber Beads",NULL,NULL,NULL,"/search/?q=amber%20beads&buyPageVariant1=true","","Generated using custom generation script"
1507312,"buy:colored-chandelier","scheduled","Colored Chandelier/",NULL,NULL,NULL,"/search/?buyPageVariant1=true&q=colored+chandelier%2F","","Dynamic buy pages endpoint"
1453042,"buy:bronze-sphinx-sculptures","live","Bronze Sphinx Sculptures",NULL,NULL,NULL,"/search/?q=bronze%20sphinx%20sculptures&buyPageVariant1=true","","Generated using custom generation script"
1454582,"buy:stained-glass-for-churches","live","Stained Glass For Churches",NULL,NULL,NULL,"/search/?q=stained%20glass%20for%20churches","","Generated using custom generation script"
1507832,"buy:repeater","scheduled","Repeater",NULL,NULL,NULL,"/search/?buyPageVariant1=true&q=repeater","","Dynamic buy pages endpoint"
1469432,"buy:framed-wall-art","live","Framed Wall Art",NULL,NULL,NULL,"/search/?q=framed%20wall%20art&buyPageVariant1=true","","Generated using custom generation script"
1475832,"buy:scroll-boxes","live","Scroll Boxes",NULL,NULL,NULL,"/search/?q=scroll%20box&buyPageVariant1=true","","Generated using custom generation script"
1506042,"buy:tiaras","scheduled","Tiaras",NULL,NULL,NULL,"/search/?buyPageVariant1=true&q=tiaras","","Dynamic buy pages endpoint: Found probable duplicates! http://internal-mario-buyer-services-1695447112.us-east-1.elb.amazonaws.com/soa/query-builder/1/dynamicBuyPage?searchTerm=tiaras"
1507322,"buy:long-ruffle-skirt","scheduled","Long Ruffle Skirt/",NULL,NULL,NULL,"/search/fashion/?buyPageVariant1=true&q=long+ruffle+skirt%2F","","Dynamic buy pages endpoint"
1508092,"buy:store-counter","scheduled","Store Counter",NULL,NULL,NULL,"/search/furniture/?buyPageVariant1=true&q=store+counter","","Dynamic buy pages endpoint: Found probable duplicates! http://internal-mario-buyer-services-1695447112.us-east-1.elb.amazonaws.com/soa/query-builder/1/dynamicBuyPage?searchTerm=store%20counter"
1454332,"buy:spin-ceramics","live","Spin Ceramics",NULL,NULL,NULL,"/search/?q=spin%20ceramics","","Generated using custom generation script"
1472252,"buy:bronze-horses","live","Bronze Horses",NULL,NULL,NULL,"/search/?q=bronze%20horse&buyPageVariant1=true","","Generated using custom generation script"
1469182,"buy:buddhas","live","Buddhas",NULL,NULL,NULL,"/search/?q=buddhas&buyPageVariant1=true","","Generated using custom generation script"
1475582,"buy:william-morgan-vases","live","William Morgan Vases",NULL,NULL,NULL,"/search/?q=william%20morgan%20vase","","Generated using custom generation script"
