,id,page_name,status,header,dynamicPage,itemResultsCount,searchCount,primary_url,secondary_url,note,error_status,error_response
0,1455362,buy:hunting-dogs,live,Hunting Dogs,,,,/search/?buyPageVariant1=true&q=hunting+dogs,/furniture/,Generated using custom generation script,SUCCESS,
1,1469442,buy:french-baroque,live,French Baroque,,,,/search/furniture/?buyPageVariant1=true&q=french+baroque,/furniture/origin/french/?style=baroque,Generated using custom generation script,SUCCESS,
2,1470212,buy:plique-a-jour,live,Plique A Jour,,,,/search/?buyPageVariant1=true&q=plique+a+jour,/jewelry/,Generated using custom generation script,SUCCESS,
3,1506052,buy:italy,scheduled,Italy,,,,/search/furniture/?buyPageVariant1=true&q=italy,nan,Dynamic buy pages endpoint: Found probable duplicates! http://internal-mario-buyer-services-1695447112.us-east-1.elb.amazonaws.com/soa/query-builder/1/dynamicBuyPage?searchTerm=italy,ERROR,"{""error"": {""type"": ""SearchTermError"", ""message"": ""The normalized search term is too short, it must contain two or more words."", ""searchTermData"": {""original"": ""italy"", ""normalized"": ""italy"", ""latinised"": ""italy""}}}"
4,1508102,buy:beni-ourain,scheduled,Beni Ourain,,,,/search/furniture/?buyPageVariant1=true&q=beni+ourain,/furniture/rugs-carpets/,Dynamic buy pages endpoint: Found probable duplicates! http://internal-mario-buyer-services-1695447112.us-east-1.elb.amazonaws.com/soa/query-builder/1/dynamicBuyPage?searchTerm=beni%20ourain,SUCCESS,
5,1513222,buy:wooden-ship-wheel,scheduled,Wooden Ship Wheel,,,,/search/furniture/?buyPageVariant1=true&q=wooden+ship+wheel,/furniture/,Dynamic buy pages endpoint: Found probable duplicates! http://internal-luigi-buyer-services-705204976.us-east-1.elb.amazonaws.com/soa/query-builder/1/dynamicBuyPage?searchTerm=wooden%20ship%20wheel,SUCCESS,
6,1453062,buy:mens-shoes,live,Mens Shoes,,,,/search/?buyPageVariant1=true&q=mens+shoes,/fashion/clothing/shoes/,Generated using custom generation script,SUCCESS,
7,1506822,buy:curved,scheduled,Curved,,,,/search/furniture/?buyPageVariant1=true&q=curved,nan,Dynamic buy pages endpoint: Found probable duplicates! http://internal-mario-buyer-services-1695447112.us-east-1.elb.amazonaws.com/soa/query-builder/1/dynamicBuyPage?searchTerm=curved,ERROR,"{""error"": {""type"": ""SearchTermError"", ""message"": ""The normalized search term is too short, it must contain two or more words."", ""searchTermData"": {""original"": ""curved"", ""normalized"": ""curved"", ""latinised"": ""curved""}}}"
8,276743,buy:stain-glass-lamps,live,,,,,/search/?buyPageVariant1=true&q=stain+glass+lamps,/furniture/lighting/table-lamps/,,SUCCESS,
9,1507592,buy:kim-mcaninch,scheduled,Kim Mcaninch,,,,/search/art/?buyPageVariant1=true&q=kim+mcaninch,/art/,Dynamic buy pages endpoint,SUCCESS,
10,1453832,buy:joseph-albers,live,Joseph Albers,,,,/search/?buyPageVariant1=true&q=joseph+albers,/creators/josef-albers/furniture/,Generated using custom generation script,SUCCESS,
11,1456392,buy:star-of-david-pendants,live,Star Of David Pendants,,,,/search/?buyPageVariant1=true&q=star+of+david+pendants,/jewelry/necklaces/pendant-necklaces/,Generated using custom generation script,SUCCESS,
12,1473032,buy:fish-bowls,live,Fish Bowls,,,,/search/?q=fish%20bowl&buyPageVariant1=true,nan,Generated using custom generation script,ERROR,"{""error"": {""type"": ""StructuredBrowsePagesError"", ""message"": ""Only structured browse pages found for provided search term."", ""uriRef"": ""/creators/fish-design/furniture/decorative-objects/bowls-baskets/""}}"
13,1508362,buy:stereo,scheduled,Stereo,,,,/search/?buyPageVariant1=true&q=stereo,nan,Dynamic buy pages endpoint: Found probable duplicates! http://internal-mario-buyer-services-1695447112.us-east-1.elb.amazonaws.com/soa/query-builder/1/dynamicBuyPage?searchTerm=stereo,ERROR,"{""error"": {""type"": ""SearchTermError"", ""message"": ""The normalized search term is too short, it must contain two or more words."", ""searchTermData"": {""original"": ""stereo"", ""normalized"": ""stereo"", ""latinised"": ""stereo""}}}"
14,1468682,buy:antique-botanical-prints,live,Antique Botanical Prints,,,,/search/?buyPageVariant1=true&q=antique+botanical+prints,/art/prints-works-on-paper/?item-type=antique-vintage,Generated using custom generation script,SUCCESS,
15,1469962,buy:marshall-studios-plates,live,Marshall Studios Plates,,,,/search/?q=marshall%20studios%20plates,nan,Generated using custom generation script,ERROR,"{""error"": {""type"": ""ZeroResultsError"", ""message"": ""There are no items for provided search term.""}}"
16,1472522,buy:chess-boards,live,Chess Boards,,,,/search/?q=chess%20board&buyPageVariant1=true,nan,Generated using custom generation script,ERROR,"{""error"": {""type"": ""SpellcheckError"", ""message"": ""Spellcheck for provided search term failed."", ""suggestion"": ""chess board""}}"
17,1505802,buy:horseshoe,scheduled,Horseshoe,,,,/search/?buyPageVariant1=true&q=horseshoe,nan,Dynamic buy pages endpoint,ERROR,"{""error"": {""type"": ""SearchTermError"", ""message"": ""The normalized search term is too short, it must contain two or more words."", ""searchTermData"": {""original"": ""horseshoe"", ""normalized"": ""horseshoe"", ""latinised"": ""horseshoe""}}}"
18,1507852,buy:orange-brown-patinated,scheduled,-Orange -Brown -Patinated,,,,/search/?buyPageVariant1=true&q=-orange+-brown+-patinated,nan,Dynamic buy pages endpoint,ERROR,"{""error"": {""type"": ""ZeroResultsError"", ""message"": ""There are no items for provided search term.""}}"
19,1515532,buy:sleeping-beauty,scheduled,Sleeping Beauty,,,,/search/?buyPageVariant1=true&q=sleeping+beauty,/jewelry/,Dynamic buy pages endpoint: Found probable duplicates! http://internal-luigi-buyer-services-705204976.us-east-1.elb.amazonaws.com/soa/query-builder/1/dynamicBuyPage?searchTerm=sleeping%20beauty,SUCCESS,
20,1470732,buy:tom-of-finland,live,Tom Of Finland,,,,/search/?q=tom%20of%20finland,nan,Generated using custom generation script,ERROR,"{""error"": {""type"": ""StructuredBrowsePagesError"", ""message"": ""Only structured browse pages found for provided search term."", ""uriRef"": ""/creators/tom-of-finland/furniture/""}}"
21,1468942,buy:art-portugal,live,Art Portugal,,,,/search/furniture/?buyPageVariant1=true&q=art+portugal,/art/,Generated using custom generation script,SUCCESS,
22,1470222,buy:pools-of-light,live,Pools Of Light,,,,/search/fashion/?buyPageVariant1=true&q=pools+of+light,/fashion/,Generated using custom generation script,SUCCESS,
23,1475342,buy:vintage-wooden-artists-easels,live,Vintage Wooden Artists Easels,,,,/search/furniture/?buyPageVariant1=true&q=vintage+wooden+artists+easels,/furniture/more-furniture-collectibles/racks-stands/easels/?item-type=antique-vintage,Generated using custom generation script,SUCCESS,
24,1454352,buy:playing-cards,live,Playing Cards,,,,/search/?buyPageVariant1=true&q=playing+cards,/furniture/,Generated using custom generation script,SUCCESS,
25,1469712,buy:hilma-af-klint,live,Hilma Af Klint,,,,/search/art/?buyPageVariant1=true&q=hilma+af+klint,/art/,Generated using custom generation script,SUCCESS,
26,1472272,buy:buddha-heads,live,Buddha Heads,,,,/search/?buyPageVariant1=true&q=buddha+heads,/furniture/,Generated using custom generation script,SUCCESS,
27,1507602,buy:six-way,scheduled,Six Way,,,,/search/furniture/?buyPageVariant1=true&q=six+way,/creators/r-way-furniture-company/furniture/,Dynamic buy pages endpoint,SUCCESS,
28,1475602,buy:wire-wall-sculptures,live,Wire Wall Sculptures,,,,/search/?q=wire%20wall%20sculpture&buyPageVariant1=true,nan,Generated using custom generation script,ERROR,"{""error"": {""type"": ""StructuredBrowsePagesError"", ""message"": ""Only structured browse pages found for provided search term."", ""uriRef"": ""/furniture/wall-decorations/material/wire/""}}"
29,1453332,buy:chinese-snuff-bottles,live,Chinese Snuff Bottles,,,,/search/?q=chinese%20snuff%20bottles&buyPageVariant1=true,nan,Generated using custom generation script,ERROR,"{""error"": {""type"": ""StructuredBrowsePagesError"", ""message"": ""Only structured browse pages found for provided search term."", ""uriRef"": ""/furniture/decorative-objects/vases-vessels/bottles/origin/chinese/""}}"
30,1507092,buy:butcher-block-island-table,scheduled,Butcher Block Island Table/,,,,/search/furniture/?buyPageVariant1=true&q=butcher+block+island+table,/furniture/tables/,Dynamic buy pages endpoint,SUCCESS,
31,1452822,buy:door-knockers,live,Door Knockers,,,,/search/?buyPageVariant1=true&q=door+knockers,/furniture/building-garden/doors-gates/,Generated using custom generation script,SUCCESS,
32,1473302,buy:gold-frames,live,Gold Frames,,,,/search/?q=gold%20frame&buyPageVariant1=true,nan,Generated using custom generation script,ERROR,"{""error"": {""type"": ""StructuredBrowsePagesError"", ""message"": ""Only structured browse pages found for provided search term."", ""uriRef"": ""/furniture/decorative-objects/picture-frames/material/gold/""}}"
33,1506582,buy:circular-ottoman,scheduled,Circular Ottoman/,,,,/search/furniture/?buyPageVariant1=true&q=circular+ottoman,/furniture/seating/ottomans-poufs/,Dynamic buy pages endpoint,SUCCESS,
34,1471512,buy:art-glass-blacks,live,Art Glass Blacks,,,,/search/?q=art%20glass%20black&buyPageVariant1=true,nan,Generated using custom generation script,ERROR,"{""error"": {""type"": ""StructuredBrowsePagesError"", ""message"": ""Only structured browse pages found for provided search term."", ""uriRef"": ""/furniture/dining-entertaining/black-white-photography/""}}"
35,1506072,buy:butterfly,scheduled,Butterfly,,,,/search/?buyPageVariant1=true&q=butterfly,nan,Dynamic buy pages endpoint: Found probable duplicates! http://internal-mario-buyer-services-1695447112.us-east-1.elb.amazonaws.com/soa/query-builder/1/dynamicBuyPage?searchTerm=butterfly,ERROR,"{""error"": {""type"": ""SearchTermError"", ""message"": ""The normalized search term is too short, it must contain two or more words."", ""searchTermData"": {""original"": ""butterfly"", ""normalized"": ""butterfly"", ""latinised"": ""butterfly""}}}"
36,1508122,buy:erotic,scheduled,Erotic,,,,/search/?buyPageVariant1=true&q=erotic,nan,Dynamic buy pages endpoint: Found probable duplicates! http://internal-mario-buyer-services-1695447112.us-east-1.elb.amazonaws.com/soa/query-builder/1/dynamicBuyPage?searchTerm=erotic,ERROR,"{""error"": {""type"": ""SearchTermError"", ""message"": ""The normalized search term is too short, it must contain two or more words."", ""searchTermData"": {""original"": ""erotic"", ""normalized"": ""erotic"", ""latinised"": ""erotic""}}}"
37,1513242,buy:inner-gardens,scheduled,Inner Gardens,,,,/search/art/?buyPageVariant1=true&q=inner+gardens,nan,Dynamic buy pages endpoint,ERROR,"{""error"": {""type"": ""StructuredBrowsePagesError"", ""message"": ""Only structured browse pages found for provided search term."", ""uriRef"": ""/creators/inner-gardens/furniture/building-garden/""}}"
38,1514522,buy:china-hutch,scheduled,China Hutch,,,,/search/furniture/?buyPageVariant1=true&q=china+hutch,/furniture/storage-case-pieces/,Dynamic buy pages endpoint: Found probable duplicates! http://internal-luigi-buyer-services-705204976.us-east-1.elb.amazonaws.com/soa/query-builder/1/dynamicBuyPage?searchTerm=china%20hutch,SUCCESS,
39,1453082,buy:magnifying-glass,live,Magnifying Glass,,,,/search/?buyPageVariant1=true&q=magnifying+glass,/furniture/dining-entertaining/,Generated using custom generation script,SUCCESS,
40,1471002,buy:vintage-oyster-plates,live,Vintage Oyster Plates,,,,/search/furniture/?buyPageVariant1=true&q=vintage+oyster+plates,/furniture/?item-type=antique-vintage,Generated using custom generation script,SUCCESS,
41,1472282,buy:business-cards,live,Business Cards,,,,/search/?buyPageVariant1=true&q=business+cards,/furniture/,Generated using custom generation script,SUCCESS,
42,1453852,buy:maltese-cross,live,Maltese Cross,,,,/search/?buyPageVariant1=true&q=maltese+cross,/fashion/origin/maltese/,Generated using custom generation script,SUCCESS,
43,1513502,buy:lady-scenes,scheduled,Lady Scenes,,,,/search/?buyPageVariant1=true&q=lady+scenes,/creators/barry-leighton-jones-1932-british/art/,Dynamic buy pages endpoint,SUCCESS,
44,1514782,buy:benny-linden,scheduled,Benny Linden,,,,/search/furniture/?buyPageVariant1=true&q=benny+linden,/creators/sva-mbler/furniture/,Dynamic buy pages endpoint,SUCCESS,
45,1454622,buy:pre-raphaelite-original-paintings,live,Pre Raphaelite Original Paintings,,,,/search/art/?buyPageVariant1=true&q=pre+raphaelite+original+paintings,/art/drawings-watercolor-paintings/,Generated using custom generation script,SUCCESS,
46,1472032,buy:blue-lace-agates,live,Blue Lace Agates,,,,/search/?buyPageVariant1=true&q=blue+lace+agates,/jewelry/stone/agate/,Generated using custom generation script,SUCCESS,
47,1475872,buy:turtle-brooches,live,Turtle Brooches,,,,/search/?buyPageVariant1=true&q=turtle+brooches,/jewelry/brooches/,Generated using custom generation script,SUCCESS,
48,1508642,buy:naval,scheduled,Naval,,,,/search/?buyPageVariant1=true&q=naval,nan,Dynamic buy pages endpoint: Found probable duplicates! http://internal-mario-buyer-services-1695447112.us-east-1.elb.amazonaws.com/soa/query-builder/1/dynamicBuyPage?searchTerm=naval,ERROR,"{""error"": {""type"": ""SearchTermError"", ""message"": ""The normalized search term is too short, it must contain two or more words."", ""searchTermData"": {""original"": ""naval"", ""normalized"": ""naval"", ""latinised"": ""naval""}}}"
49,1513762,buy:love-beads,scheduled,Love Beads,,,,/search/?buyPageVariant1=true&q=love+beads,/jewelry/stone-cut/bead/,Dynamic buy pages endpoint: Found probable duplicates! http://internal-luigi-buyer-services-705204976.us-east-1.elb.amazonaws.com/soa/query-builder/1/dynamicBuyPage?searchTerm=love%20beads,SUCCESS,
50,1453602,buy:pocket-doors,live,Pocket Doors,,,,/search/furniture/?buyPageVariant1=true&q=pocket+doors,/furniture/building-garden/doors-gates/,Generated using custom generation script,SUCCESS,
51,1470242,buy:prince-de-galles,live,Prince De Galles,,,,/search/furniture/?buyPageVariant1=true&q=prince+de+galles,/furniture/,Generated using custom generation script,SUCCESS,
52,1472802,buy:disco-balls,live,Disco Balls,,,,/search/?buyPageVariant1=true&q=disco+balls,/furniture/lighting/,Generated using custom generation script,SUCCESS,
53,1474082,buy:small-pearl-bracelets,live,Small Pearl Bracelets,,,,/search/?q=small%20pearl%20bracelet,nan,Generated using custom generation script,ERROR,"{""error"": {""type"": ""ZeroResultsError"", ""message"": ""There are no items for provided search term.""}}"
54,1506082,buy:manolo-blahnik-mule,scheduled,Manolo Blahnik Mule/,,,,/search/fashion/?buyPageVariant1=true&q=manolo+blahnik+mule,/fashion/clothing/shoes/clogs-mules/,Dynamic buy pages endpoint,SUCCESS,
55,1599012,buy:pair-of-mid-century-chairs,scheduled,,,,,/search/furniture/?buyPageVariant1=true&q=pair+of+mid+century+chairs,/furniture/seating/lounge-chairs/period/20th-century/?creator=karpen-of-california,Dynamic buy pages endpoint: Found probable duplicates! http://internal-mario-buyer-services-1695447112.us-east-1.elb.amazonaws.com/soa/query-builder/1/dynamicBuyPage?searchTerm=pair%20of%20mid%20century%20chairs,SUCCESS,
56,1471012,buy:vintage-posters-austria,live,Vintage Posters Austria,,,,/search/?buyPageVariant1=true&q=vintage+posters+austria,/furniture/wall-decorations/posters/?item-type=antique-vintage,Generated using custom generation script,SUCCESS,
57,1455142,buy:hac-hermes,live,Hac Hermes,,,,/search/?buyPageVariant1=true&q=hac+hermes,/creators/hermes/fashion/,Generated using custom generation script,SUCCESS,
58,1471782,buy:black-arts,live,Black Arts,,,,/search/?q=black%20art&buyPageVariant1=true,nan,Generated using custom generation script,ERROR,"{""error"": {""type"": ""StructuredBrowsePagesError"", ""message"": ""Only structured browse pages found for provided search term."", ""uriRef"": ""/art/photography/black-white-photography/""}}"
59,1473062,buy:fire-pits,live,Fire Pits,,,,/search/furniture/?buyPageVariant1=true&q=fire+pits,/furniture/building-garden/,Generated using custom generation script,SUCCESS,
60,1513512,buy:gilbert-lewis,scheduled,Gilbert Lewis,,,,/search/art/?buyPageVariant1=true&q=gilbert+lewis,/art/,Dynamic buy pages endpoint,SUCCESS,
61,1468712,buy:antique-beads,live,Antique Beads,,,,/search/?buyPageVariant1=true&q=antique+beads,/jewelry/material/beads/?item-type=antique-vintage,Generated using custom generation script,SUCCESS,
62,1454122,buy:barn-doors,live,Barn Doors,,,,/search/?q=barn%20doors&buyPageVariant1=true,nan,Generated using custom generation script,ERROR,"{""error"": {""type"": ""SpellcheckError"", ""message"": ""Spellcheck for provided search term failed."", ""suggestion"": ""barn door""}}"
63,1469482,buy:french-vintage-watercolors,live,French Vintage Watercolors,,,,/search/?buyPageVariant1=true&q=french+vintage+watercolors,/art/drawings-watercolor-paintings/origin/french/?item-type=antique-vintage,Generated using custom generation script,SUCCESS,
64,1507372,buy:hetsch,scheduled,Hetsch,,,,/search/furniture/?buyPageVariant1=true&q=hetsch,nan,Dynamic buy pages endpoint,ERROR,"{""error"": {""type"": ""SearchTermError"", ""message"": ""The normalized search term is too short, it must contain two or more words."", ""searchTermData"": {""original"": ""hetsch"", ""normalized"": ""hetsch"", ""latinised"": ""hetsch""}}}"
65,1508652,buy:workbench,scheduled,Workbench,,,,/search/?buyPageVariant1=true&q=workbench,nan,Dynamic buy pages endpoint: Found probable duplicates! http://internal-mario-buyer-services-1695447112.us-east-1.elb.amazonaws.com/soa/query-builder/1/dynamicBuyPage?searchTerm=workbench,ERROR,"{""error"": {""type"": ""SearchTermError"", ""message"": ""The normalized search term is too short, it must contain two or more words."", ""searchTermData"": {""original"": ""workbench"", ""normalized"": ""workbench"", ""latinised"": ""workbench""}}}"
66,1515052,buy:love-disarmed,scheduled,Love Disarmed,,,,/search/jewelry/?buyPageVariant1=true&q=love+disarmed,/creators/reed-and-barton/jewelry/,Dynamic buy pages endpoint,SUCCESS,
67,1453612,buy:peking-glass,live,Peking Glass,,,,/search/?buyPageVariant1=true&q=peking+glass,/furniture/material/glass/,Generated using custom generation script,SUCCESS,
68,1471532,buy:barge-for-sales,live,Barge For Sales,,,,/search/?q=barge%20for%20sale,nan,Generated using custom generation script,ERROR,"{""error"": {""type"": ""ZeroResultsError"", ""message"": ""There are no items for provided search term.""}}"
69,1453102,buy:fountain-pens,live,Fountain Pens,,,,/search/?buyPageVariant1=true&q=fountain+pens,/jewelry/,Generated using custom generation script,SUCCESS,
70,1454382,buy:heath-ceramics,live,Heath Ceramics,,,,/search/?q=heath%20ceramics&buyPageVariant1=true,nan,Generated using custom generation script,ERROR,"{""error"": {""type"": ""StructuredBrowsePagesError"", ""message"": ""Only structured browse pages found for provided search term."", ""uriRef"": ""/creators/heath-ceramics/furniture/""}}"
71,1474862,buy:turntables,live,Turntables,,,,/search/?q=turntable&buyPageVariant1=true,nan,Generated using custom generation script,ERROR,"{""error"": {""type"": ""SearchTermError"", ""message"": ""The normalized search term is too short, it must contain two or more words."", ""searchTermData"": {""original"": ""turntables"", ""normalized"": ""turntables"", ""latinised"": ""turntables""}}}"
72,1452592,buy:depression-glass,live,Depression Glass,,,,/search/?buyPageVariant1=true&q=depression+glass,/furniture/dining-entertaining/,Generated using custom generation script,SUCCESS,
73,1455152,buy:gold-coins,live,Gold Coins,,,,/search/jewelry/?buyPageVariant1=true&q=gold+coins,/creators/roberto-coin/jewelry/?metal=gold,Generated using custom generation script,SUCCESS,
74,1454642,buy:gee-bend-quilts,live,Gee Bend Quilts,,,,/search/furniture/?buyPageVariant1=true&q=gee+bend+quilts,/creators/jim-rose/furniture/,Generated using custom generation script,SUCCESS,
75,1455922,buy:salesman-samples,live,Salesman Samples,,,,/search/?q=salesman%20samples&buyPageVariant1=true,nan,Generated using custom generation script,ERROR,"{""error"": {""type"": ""SpellcheckError"", ""message"": ""Spellcheck for provided search term failed."", ""suggestion"": ""salesman sample""}}"
76,1470002,buy:mexican-antiques,live,Mexican Antiques,,,,/search/?buyPageVariant1=true&q=mexican+antiques,/furniture/origin/mexican/?item-type=antique-vintage,Generated using custom generation script,SUCCESS,
77,1471282,buy:alarm-clocks,live,Alarm Clocks,,,,/search/?buyPageVariant1=true&q=alarm+clocks,/furniture/decorative-objects/clocks/,Generated using custom generation script,SUCCESS,
78,1475122,buy:vintage-enamel-signs,live,Vintage Enamel Signs,,,,/search/?buyPageVariant1=true&q=vintage+enamel+signs,/furniture/folk-art/signs/material/enamel/?item-type=antique-vintage,Generated using custom generation script,SUCCESS,
79,1505842,buy:backgammon,scheduled,Backgammon,,,,/search/?buyPageVariant1=true&q=backgammon,nan,Dynamic buy pages endpoint: Found probable duplicates! http://internal-mario-buyer-services-1695447112.us-east-1.elb.amazonaws.com/soa/query-builder/1/dynamicBuyPage?searchTerm=backgammon,ERROR,"{""error"": {""type"": ""SearchTermError"", ""message"": ""The normalized search term is too short, it must contain two or more words."", ""searchTermData"": {""original"": ""backgammon"", ""normalized"": ""backgammon"", ""latinised"": ""backgammon""}}}"
80,264243,buy:burlap-table-lamps,live,,,,,,nan,,ERROR,"{""error"": {""type"": ""StructuredBrowsePagesError"", ""message"": ""Only structured browse pages found for provided search term."", ""uriRef"": ""/furniture/lighting/table-lamps/material/burlap/""}}"
81,1507892,buy:gateleg,scheduled,Gateleg,,,,/search/furniture/?buyPageVariant1=true&q=gateleg,nan,Dynamic buy pages endpoint: Found probable duplicates! http://internal-mario-buyer-services-1695447112.us-east-1.elb.amazonaws.com/soa/query-builder/1/dynamicBuyPage?searchTerm=gateleg,ERROR,"{""error"": {""type"": ""SearchTermError"", ""message"": ""The normalized search term is too short, it must contain two or more words."", ""searchTermData"": {""original"": ""gateleg"", ""normalized"": ""gateleg"", ""latinised"": ""gateleg""}}}"
82,1515572,buy:moser-crystal-decanters,scheduled,Moser Crystal Decanters,,,,/search/furniture/?buyPageVariant1=true&q=moser+crystal+decanters,nan,Dynamic buy pages endpoint,ERROR,"{""error"": {""type"": ""ZeroResultsError"", ""message"": ""There are no items for provided search term.""}}"
83,1473332,buy:gold-seal-rings,live,Gold Seal Rings,,,,/search/?buyPageVariant1=true&q=gold+seal+rings,/jewelry/rings/metal/gold/,Generated using custom generation script,SUCCESS,
84,239413,buy:gateleg-table,ended,,,,,/search/furniture/?buyPageVariant1=true&q=gateleg+table,/furniture/tables/,,SUCCESS,
85,1508662,buy:popov,scheduled,Popov,,,,/search/furniture/?buyPageVariant1=true&q=popov,nan,Dynamic buy pages endpoint,ERROR,"{""error"": {""type"": ""SearchTermError"", ""message"": ""The normalized search term is too short, it must contain two or more words."", ""searchTermData"": {""original"": ""popov"", ""normalized"": ""popov"", ""latinised"": ""popov""}}}"
86,1454902,buy:martini-set-diamonds,live,Martini Set Diamonds,,,,/search/jewelry/?buyPageVariant1=true&q=martini+set+diamonds,/creators/roman-malakov/jewelry/?stone=diamond,Generated using custom generation script,SUCCESS,
87,1468982,buy:betty-woodman-pottery,live,Betty Woodman Pottery,,,,/search/?q=betty%20woodman%20pottery,nan,Generated using custom generation script,ERROR,"{""error"": {""type"": ""ZeroResultsError"", ""message"": ""There are no items for provided search term.""}}"
88,1470262,buy:queen-victoria-china,live,Queen Victoria China,,,,/search/?q=queen%20victoria%20china,nan,Generated using custom generation script,ERROR,"{""error"": {""type"": ""ZeroResultsError"", ""message"": ""There are no items for provided search term.""}}"
89,1508152,buy:dragon-in-compartment,scheduled,Dragon In Compartment,,,,/search/furniture/?buyPageVariant1=true&q=dragon+in+compartment,/creators/coalport-porcelain/furniture/,Dynamic buy pages endpoint,SUCCESS,
90,1515322,buy:john-stefanidis,scheduled,John Stefanidis,,,,/search/furniture/?buyPageVariant1=true&q=john+stefanidis,/furniture/,Dynamic buy pages endpoint,SUCCESS,
91,1453882,buy:airplane-models,live,Airplane Models,,,,/search/?buyPageVariant1=true&q=airplane+models,/furniture/more-furniture-collectibles/collectibles-curiosities/models-miniatures/,Generated using custom generation script,SUCCESS,
92,1454652,buy:william-r-davis,live,William R Davis,,,,/search/?buyPageVariant1=true&q=william+r+davis,/art/,Generated using custom generation script,SUCCESS,
93,1471292,buy:ancient-rome-oil-paintings,live,Ancient Rome Oil Paintings,,,,/search/art/?buyPageVariant1=true&q=ancient+rome+oil+paintings,/art/paintings/material/oil-paint/,Generated using custom generation script,SUCCESS,
94,1472572,buy:cloud-lights,live,Cloud Lights,,,,/search/furniture/?buyPageVariant1=true&q=cloud+lights,/furniture/lighting/sconces-wall-lights/,Generated using custom generation script,SUCCESS,
95,1505852,buy:men,scheduled,Men,,,,/search/?buyPageVariant1=true&q=men,nan,Dynamic buy pages endpoint,ERROR,"{""error"": {""type"": ""SearchTermError"", ""message"": ""The normalized search term is too short, it must contain two or more words."", ""searchTermData"": {""original"": ""men"", ""normalized"": ""men"", ""latinised"": ""men""}}}"
96,1507132,buy:aquanaut,scheduled,Aquanaut,,,,/search/jewelry/?buyPageVariant1=true&q=aquanaut,nan,Dynamic buy pages endpoint,ERROR,"{""error"": {""type"": ""SearchTermError"", ""message"": ""The normalized search term is too short, it must contain two or more words."", ""searchTermData"": {""original"": ""aquanaut"", ""normalized"": ""aquanaut"", ""latinised"": ""aquanaut""}}}"
97,1507902,buy:behapi,scheduled,Behapi,,,,/search/fashion/?buyPageVariant1=true&q=behapi,nan,Dynamic buy pages endpoint,ERROR,"{""error"": {""type"": ""SearchTermError"", ""message"": ""The normalized search term is too short, it must contain two or more words."", ""searchTermData"": {""original"": ""behapi"", ""normalized"": ""behapi"", ""latinised"": ""behapi""}}}"
98,1474622,buy:the-cloud-sofas,live,The Cloud Sofas,,,,/search/?q=the%20cloud%20sofa,nan,Generated using custom generation script,ERROR,"{""error"": {""type"": ""ZeroResultsError"", ""message"": ""There are no items for provided search term.""}}"
99,1453632,buy:sheila-hicks,live,Sheila Hicks,,,,/search/furniture/?buyPageVariant1=true&q=sheila+hicks,/furniture/,Generated using custom generation script,SUCCESS,
100,1506112,buy:audrey-hepburn,scheduled,Audrey Hepburn,,,,/search/art/?buyPageVariant1=true&q=audrey+hepburn,/art/,Dynamic buy pages endpoint: Found probable duplicates! http://internal-mario-buyer-services-1695447112.us-east-1.elb.amazonaws.com/soa/query-builder/1/dynamicBuyPage?searchTerm=audrey%20hepburn,SUCCESS,
101,1508162,buy:haberdashery-counter,scheduled,Haberdashery Counter,,,,/search/furniture/?buyPageVariant1=true&q=haberdashery+counter,/furniture/,Dynamic buy pages endpoint,SUCCESS,
102,1454402,buy:zodiac-pendants,live,Zodiac Pendants,,,,/search/?buyPageVariant1=true&q=zodiac+pendants,/jewelry/necklaces/pendant-necklaces/,Generated using custom generation script,SUCCESS,
103,1455682,buy:gabriella-kiss,live,Gabriella Kiss,,,,/search/?q=gabriella%20kiss,nan,Generated using custom generation script,ERROR,"{""error"": {""type"": ""ZeroResultsError"", ""message"": ""There are no items for provided search term.""}}"
104,1452612,buy:roman-coins,live,Roman Coins,,,,/search/?buyPageVariant1=true&q=roman+coins,/jewelry/style/classical-roman/?creator=roberto-coin,Generated using custom generation script,SUCCESS,
105,1453892,buy:ethiopian-cross,live,Ethiopian Cross,,,,/search/?buyPageVariant1=true&q=ethiopian+cross,/furniture/origin/ethiopian/,Generated using custom generation script,SUCCESS,
106,1475652,buy:wooden-fox-heads,live,Wooden Fox Heads,,,,/search/?q=wooden%20fox%20head,nan,Generated using custom generation script,ERROR,"{""error"": {""type"": ""ZeroResultsError"", ""message"": ""There are no items for provided search term.""}}"
107,1506372,buy:horse-head-sculpture,scheduled,Horse Head Sculpture/,,,,/search/?buyPageVariant1=true&q=horse+head+sculpture,/furniture/decorative-objects/sculptures/,Dynamic buy pages endpoint,SUCCESS,
108,1513542,buy:pierre-golle,scheduled,Pierre Golle,,,,/search/furniture/?buyPageVariant1=true&q=pierre+golle,/furniture/,Dynamic buy pages endpoint,SUCCESS,
109,1514822,buy:gmt-master,scheduled,Gmt Master,,,,/search/?buyPageVariant1=true&q=gmt+master,/jewelry/watches/,Dynamic buy pages endpoint: Found probable duplicates! http://internal-luigi-buyer-services-705204976.us-east-1.elb.amazonaws.com/soa/query-builder/1/dynamicBuyPage?searchTerm=gmt%20master,SUCCESS,
110,1472582,buy:clothes-hangers,live,Clothes Hangers,,,,/search/?buyPageVariant1=true&q=clothes+hangers,/furniture/more-furniture-collectibles/,Generated using custom generation script,SUCCESS,
111,1507142,buy:cloud-chair,scheduled,Cloud Chair/,,,,/search/furniture/?buyPageVariant1=true&q=cloud+chair,/furniture/seating/chairs/,Dynamic buy pages endpoint,SUCCESS,
112,1454152,buy:bed-crowns,live,Bed Crowns,,,,/search/furniture/?buyPageVariant1=true&q=bed+crowns,/furniture/more-furniture-collectibles/bedroom-furniture/bed-coronas/,Generated using custom generation script,SUCCESS,
113,1455432,buy:rock-posters,live,Rock Posters,,,,/search/?buyPageVariant1=true&q=rock+posters,/furniture/wall-decorations/posters/,Generated using custom generation script,SUCCESS,
114,1474632,buy:the-joe-baseball-chairs,live,The Joe Baseball Chairs,,,,/search/?q=the%20joe%20baseball%20chair,nan,Generated using custom generation script,ERROR,"{""error"": {""type"": ""ZeroResultsError"", ""message"": ""There are no items for provided search term.""}}"
115,1479752,buy:gateleg-table,ended,,,,,/search/furniture/?buyPageVariant1=true&q=gateleg+table,/furniture/tables/,Soft-delete page,SUCCESS,
116,1474122,buy:smokey-quartz-rings,live,Smokey Quartz Rings,,,,/search/?buyPageVariant1=true&q=smokey+quartz+rings,/jewelry/rings/stone/quartz/,Generated using custom generation script,SUCCESS,
117,1508172,buy:drgm,scheduled,Drgm,,,,/search/?buyPageVariant1=true&q=drgm,nan,Dynamic buy pages endpoint,ERROR,"{""error"": {""type"": ""SearchTermError"", ""message"": ""The normalized search term is too short, it must contain two or more words."", ""searchTermData"": {""original"": ""drgm"", ""normalized"": ""drgm"", ""latinised"": ""drgm""}}}"
118,1455692,buy:harold-studios,live,Harold Studios,,,,/search/furniture/?buyPageVariant1=true&q=harold+studios,/furniture/,Generated using custom generation script,SUCCESS,
119,1469772,buy:jules-rene-herve,live,Jules Rene Herve,,,,/search/?buyPageVariant1=true&q=jules+rene+herve,/art/,Generated using custom generation script,SUCCESS,
120,1473612,buy:metal-wall-sculptures,live,Metal Wall Sculptures,,,,/search/?q=metal%20wall%20sculpture&buyPageVariant1=true,nan,Generated using custom generation script,ERROR,"{""error"": {""type"": ""StructuredBrowsePagesError"", ""message"": ""Only structured browse pages found for provided search term."", ""uriRef"": ""/furniture/wall-decorations/wall-mounted-sculptures/material/metal/""}}"
121,1507662,buy:burgundy-chair,scheduled,Burgundy Chair/,,,,/search/furniture/?buyPageVariant1=true&q=burgundy+chair,/furniture/seating/chairs/,Dynamic buy pages endpoint,SUCCESS,
122,1455182,buy:mardi-gras,live,Mardi Gras,,,,/search/?buyPageVariant1=true&q=mardi+gras,/art/,Generated using custom generation script,SUCCESS,
123,1470542,buy:sterling-silver-sets,live,Sterling Silver Sets,,,,/search/?q=sterling%20silver%20sets&buyPageVariant1=true,nan,Generated using custom generation script,ERROR,"{""error"": {""type"": ""StructuredBrowsePagesError"", ""message"": ""Only structured browse pages found for provided search term."", ""uriRef"": ""/furniture/dining-entertaining/sterling-silver/""}}"
124,1508432,buy:record-player,scheduled,Record Player,,,,/search/?buyPageVariant1=true&q=record+player,/furniture/,Dynamic buy pages endpoint: Found probable duplicates! http://internal-mario-buyer-services-1695447112.us-east-1.elb.amazonaws.com/soa/query-builder/1/dynamicBuyPage?searchTerm=record%20player,SUCCESS,
125,1468752,buy:antique-posters,live,Antique Posters,,,,/search/?buyPageVariant1=true&q=antique+posters,/furniture/wall-decorations/posters/?item-type=antique-vintage,Generated using custom generation script,SUCCESS,
126,1545042,buy:curved-sofas,scheduled,,,,,/search/furniture/?buyPageVariant1=true&q=curved+sofas,/furniture/seating/sofas/,Dynamic buy pages endpoint: Found probable duplicates! http://internal-mario-buyer-services-1695447112.us-east-1.elb.amazonaws.com/soa/query-builder/1/dynamicBuyPage?searchTerm=curved%20sofas,SUCCESS,
127,1506642,buy:committee,scheduled,Committee,,,,/search/?buyPageVariant1=true&q=committee,nan,Dynamic buy pages endpoint,ERROR,"{""error"": {""type"": ""SearchTermError"", ""message"": ""The normalized search term is too short, it must contain two or more words."", ""searchTermData"": {""original"": ""committee"", ""normalized"": ""committee"", ""latinised"": ""committee""}}}"
128,1501012,buy:hermes-constance-bags,ended,,,,,/search/fashion/?buyPageVariant1=true&q=hermes+constance+bags,/creators/hermes/fashion/handbags-purses-bags/shoulder-bags/,Soft-delete page,SUCCESS,
129,1514582,buy:long-entry-bench,scheduled,Long Entry Bench ,,,,/search/furniture/?buyPageVariant1=true&q=long+entry+bench,/furniture/,Dynamic buy pages endpoint: Found probable duplicates! http://internal-luigi-buyer-services-705204976.us-east-1.elb.amazonaws.com/soa/query-builder/1/dynamicBuyPage?searchTerm=long%20entry%20bench%20,SUCCESS,
130,1469782,buy:johann-sebastian-bach,live,Johann Sebastian Bach,,,,/search/furniture/?buyPageVariant1=true&q=johann+sebastian+bach,/creators/agam-yaacov/furniture/,Generated using custom generation script,SUCCESS,
131,1507672,buy:2-55,scheduled,2.55,,,,/search/?buyPageVariant1=true&q=2.55,nan,Dynamic buy pages endpoint,ERROR,"{""error"": {""type"": ""SearchTermError"", ""message"": ""Profane words are not allowed in the search term."", ""searchTerm"": ""2 55""}}"
132,1514072,buy:robert-turner,scheduled,Robert Turner,,,,/search/art/?buyPageVariant1=true&q=robert+turner,/art/,Dynamic buy pages endpoint,SUCCESS,
133,1455192,buy:matt-adams,live,Matt Adams,,,,/search/?q=matt%20adams,nan,Generated using custom generation script,ERROR,"{""error"": {""type"": ""ZeroResultsError"", ""message"": ""There are no items for provided search term.""}}"
134,1506392,buy:large,scheduled,Large,,,,/search/?buyPageVariant1=true&q=large,nan,Dynamic buy pages endpoint: Found probable duplicates! http://internal-mario-buyer-services-1695447112.us-east-1.elb.amazonaws.com/soa/query-builder/1/dynamicBuyPage?searchTerm=large,ERROR,"{""error"": {""type"": ""SearchTermError"", ""message"": ""The normalized search term is too short, it must contain two or more words."", ""searchTermData"": {""original"": ""large"", ""normalized"": ""large"", ""latinised"": ""large""}}}"
135,1508442,buy:flamenco-dancer-painting,scheduled,Flamenco Dancer Painting/,,,,/search/?buyPageVariant1=true&q=flamenco+dancer+painting,/art/drawings-watercolor-paintings/,Dynamic buy pages endpoint,SUCCESS,
136,1455962,buy:collectors-plates,live,Collectors Plates,,,,/search/?buyPageVariant1=true&q=collectors+plates,/creators/erte/art/,Generated using custom generation script,SUCCESS,
137,1468762,buy:andy-warhol-flowers,live,Andy Warhol Flowers,,,,/search/?buyPageVariant1=true&q=andy+warhol+flowers,/creators/andy-warhol/art/,Generated using custom generation script,SUCCESS,
138,1473882,buy:red-figure-vases,live,Red Figure Vases,,,,/search/furniture/?buyPageVariant1=true&q=red+figure+vases,/furniture/decorative-objects/vases-vessels/,Generated using custom generation script,SUCCESS,
139,1505882,buy:pulegoso-foam,scheduled,Pulegoso Foam,,,,/search/furniture/?buyPageVariant1=true&q=pulegoso+foam,/furniture/,Dynamic buy pages endpoint,SUCCESS,
140,1507162,buy:tall,scheduled,Tall,,,,/search/furniture/?buyPageVariant1=true&q=tall,nan,Dynamic buy pages endpoint: Found probable duplicates! http://internal-mario-buyer-services-1695447112.us-east-1.elb.amazonaws.com/soa/query-builder/1/dynamicBuyPage?searchTerm=tall,ERROR,"{""error"": {""type"": ""SearchTermError"", ""message"": ""The normalized search term is too short, it must contain two or more words."", ""searchTermData"": {""original"": ""tall"", ""normalized"": ""tall"", ""latinised"": ""tall""}}}"
141,1455452,buy:shot-glasses,live,Shot Glasses,,,,/search/?buyPageVariant1=true&q=shot+glasses,/furniture/dining-entertaining/,Generated using custom generation script,SUCCESS,
142,1454942,buy:cavalier-king-charles,live,Cavalier King Charles,,,,/search/furniture/?buyPageVariant1=true&q=cavalier+king+charles,/creators/charles-valton/furniture/,Generated using custom generation script,SUCCESS,
143,1472862,buy:dragon-rings,live,Dragon Rings,,,,/search/?buyPageVariant1=true&q=dragon+rings,/jewelry/rings/,Generated using custom generation script,SUCCESS,
144,1501022,buy:hermes-constance-bags,ended,,,,,/search/fashion/?buyPageVariant1=true&q=hermes+constance+bags,/creators/hermes/fashion/handbags-purses-bags/shoulder-bags/,Soft-delete page,SUCCESS,
145,1508192,buy:modular,scheduled,Modular,,,,/search/furniture/?buyPageVariant1=true&q=modular,nan,Dynamic buy pages endpoint: Found probable duplicates! http://internal-mario-buyer-services-1695447112.us-east-1.elb.amazonaws.com/soa/query-builder/1/dynamicBuyPage?searchTerm=modular,ERROR,"{""error"": {""type"": ""SearchTermError"", ""message"": ""The normalized search term is too short, it must contain two or more words."", ""searchTermData"": {""original"": ""modular"", ""normalized"": ""modular"", ""latinised"": ""modular""}}}"
146,1454432,buy:moissanite-studs,live,Moissanite Studs,,,,/search/?q=moissanite%20studs,nan,Generated using custom generation script,ERROR,"{""error"": {""type"": ""ZeroResultsError"", ""message"": ""There are no items for provided search term.""}}"
147,1506912,buy:statement,scheduled,Statement,,,,/search/?buyPageVariant1=true&q=statement,nan,Dynamic buy pages endpoint: Found probable duplicates! http://internal-mario-buyer-services-1695447112.us-east-1.elb.amazonaws.com/soa/query-builder/1/dynamicBuyPage?searchTerm=statement,ERROR,"{""error"": {""type"": ""SearchTermError"", ""message"": ""The normalized search term is too short, it must contain two or more words."", ""searchTermData"": {""original"": ""statement"", ""normalized"": ""statement"", ""latinised"": ""statement""}}}"
148,1453922,buy:hummel-figurines,live,Hummel Figurines,,,,/search/?buyPageVariant1=true&q=hummel+figurines,/creators/hummel/furniture/,Generated using custom generation script,SUCCESS,
149,1455972,buy:military-uniforms,live,Military Uniforms,,,,/search/furniture/?buyPageVariant1=true&q=military+uniforms,/creators/bernard-de-montfaucon/furniture/,Generated using custom generation script,SUCCESS,
150,1505892,buy:old-tiles,live,Old Tiles,,,,/search/?buyPageVariant1=true&q=old+tiles,/creators/richard-combes-1963-united-kingdom/furniture/,Dynamic buy pages endpoint: Found probable duplicates! http://internal-mario-buyer-services-1695447112.us-east-1.elb.amazonaws.com/soa/query-builder/1/dynamicBuyPage?searchTerm=old%20tiles,SUCCESS,
151,1474662,buy:tie-clips,live,Tie Clips,,,,/search/?buyPageVariant1=true&q=tie+clips,/jewelry/,Generated using custom generation script,SUCCESS,
152,1469032,buy:belt-buckles,live,Belt Buckles,,,,/search/?buyPageVariant1=true&q=belt+buckles,/fashion/accessories/belts/,Generated using custom generation script,SUCCESS,
153,1470312,buy:roy-lichtenstein-love,live,Roy Lichtenstein Love,,,,/search/art/?buyPageVariant1=true&q=roy+lichtenstein+love,/creators/roy-lichtenstein/art/,Generated using custom generation script,SUCCESS,
154,1469802,buy:kind-of-cyan,live,Kind Of Cyan,,,,/search/art/?buyPageVariant1=true&q=kind+of+cyan,/art/,Generated using custom generation script,SUCCESS,
155,1472362,buy:campaign-wash-stands,live,Campaign Wash Stands,,,,/search/furniture/?buyPageVariant1=true&q=campaign+wash+stands,/furniture/style/campaign/,Generated using custom generation script,SUCCESS,
156,1507692,buy:scale,scheduled,Scale,,,,/search/?buyPageVariant1=true&q=scale,nan,Dynamic buy pages endpoint: Found probable duplicates! http://internal-mario-buyer-services-1695447112.us-east-1.elb.amazonaws.com/soa/query-builder/1/dynamicBuyPage?searchTerm=scale,ERROR,"{""error"": {""type"": ""SearchTermError"", ""message"": ""The normalized search term is too short, it must contain two or more words."", ""searchTermData"": {""original"": ""scale"", ""normalized"": ""scale"", ""latinised"": ""scale""}}}"
157,1456492,buy:blue-and-white-platters,live,Blue And White Platters,,,,/search/furniture/?buyPageVariant1=true&q=blue+and+white+platters,/furniture/dining-entertaining/?color=blue,Generated using custom generation script,SUCCESS,
158,1469292,buy:custom-house-signs,live,Custom House Signs,,,,/search/?q=custom%20house%20signs,nan,Generated using custom generation script,ERROR,"{""error"": {""type"": ""ZeroResultsError"", ""message"": ""There are no items for provided search term.""}}"
159,1506412,buy:frog-lamp,scheduled,Frog Lamp/,,,,/search/furniture/?buyPageVariant1=true&q=frog+lamp,/furniture/lighting/table-lamps/,Dynamic buy pages endpoint,SUCCESS,
160,1508462,buy:encyclopedias,scheduled,Encyclopedias,,,,/search/?buyPageVariant1=true&q=encyclopedias,nan,Dynamic buy pages endpoint,ERROR,"{""error"": {""type"": ""SearchTermError"", ""message"": ""The normalized search term is too short, it must contain two or more words."", ""searchTermData"": {""original"": ""encyclopedias"", ""normalized"": ""encyclopedias"", ""latinised"": ""encyclopedias""}}}"
161,1514862,buy:celia-birtwelll,scheduled,Celia Birtwelll ,,,,/search/fashion/?buyPageVariant1=true&q=celia+birtwelll,/creators/ossie-clark/fashion/,Dynamic buy pages endpoint,SUCCESS,
162,1455982,buy:champagne-glasses,live,Champagne Glasses,,,,/search/?buyPageVariant1=true&q=champagne+glasses,/furniture/dining-entertaining/,Generated using custom generation script,SUCCESS,
163,1472622,buy:coat-trees,live,Coat Trees,,,,/search/?buyPageVariant1=true&q=coat+trees,/furniture/more-furniture-collectibles/racks-stands/coat-racks-stands/,Generated using custom generation script,SUCCESS,
164,1454192,buy:confit-pots,live,Confit Pots,,,,/search/?q=confit%20pots&buyPageVariant1=true,nan,Generated using custom generation script,ERROR,"{""error"": {""type"": ""SpellcheckError"", ""message"": ""Spellcheck for provided search term failed."", ""suggestion"": ""confit pot""}}"
165,1455472,buy:bath-vanities,live,Bath Vanities,,,,/search/furniture/?buyPageVariant1=true&q=bath+vanities,/furniture/,Generated using custom generation script,SUCCESS,
166,1474672,buy:tile-wall-arts,live,Tile Wall Arts,,,,/search/furniture/?buyPageVariant1=true&q=tile+wall+arts,/furniture/wall-decorations/decorative-art/,Generated using custom generation script,SUCCESS,
167,1506672,buy:cable-ring,scheduled,Cable Ring/,,,,/search/?buyPageVariant1=true&q=cable+ring,/jewelry/rings/,Dynamic buy pages endpoint,SUCCESS,
168,1513842,buy:quan-yin,scheduled,Quan Yin,,,,/search/?buyPageVariant1=true&q=quan+yin,/furniture/,Dynamic buy pages endpoint: Found probable duplicates! http://internal-luigi-buyer-services-705204976.us-east-1.elb.amazonaws.com/soa/query-builder/1/dynamicBuyPage?searchTerm=quan%20yin,SUCCESS,
169,1456242,buy:pop-art-super-heros,live,Pop Art Super Heros,,,,/search/art/?buyPageVariant1=true&q=pop+art+super+heros,/art/style/pop-art/,Generated using custom generation script,SUCCESS,
170,588402,buy:tropical-floral-dress,scheduled,,,,,/search/fashion/?buyPageVariant1=true&q=tropical+floral+dress,/fashion/clothing/day-dresses/,,SUCCESS,
171,1506932,buy:horse-head,scheduled,Horse Head,,,,/search/?buyPageVariant1=true&q=horse+head,/furniture/,Dynamic buy pages endpoint: Found probable duplicates! http://internal-mario-buyer-services-1695447112.us-east-1.elb.amazonaws.com/soa/query-builder/1/dynamicBuyPage?searchTerm=horse%20head,SUCCESS,
172,1453942,buy:szor-collections,live,Szor Collections,,,,/search/?q=szor%20collections,nan,Generated using custom generation script,ERROR,"{""error"": {""type"": ""ZeroResultsError"", ""message"": ""There are no items for provided search term.""}}"
173,1455222,buy:shot-glass,live,Shot Glass,,,,/search/?buyPageVariant1=true&q=shot+glass,/furniture/dining-entertaining/,Generated using custom generation script,SUCCESS,
174,1469302,buy:derriere-le-miroir,live,Derriere Le Miroir,,,,/search/?buyPageVariant1=true&q=derriere+le+miroir,/art/,Generated using custom generation script,SUCCESS,
175,1471862,buy:black-forest-stags,live,Black Forest Stags,,,,/search/furniture/?buyPageVariant1=true&q=black+forest+stags,/furniture/style/black-forest/,Generated using custom generation script,SUCCESS,
176,1508472,buy:cashmere,scheduled,Cashmere,,,,/search/fashion/?buyPageVariant1=true&q=cashmere,nan,Dynamic buy pages endpoint: Found probable duplicates! http://internal-mario-buyer-services-1695447112.us-east-1.elb.amazonaws.com/soa/query-builder/1/dynamicBuyPage?searchTerm=cashmere,ERROR,"{""error"": {""type"": ""SearchTermError"", ""message"": ""The normalized search term is too short, it must contain two or more words."", ""searchTermData"": {""original"": ""cashmere"", ""normalized"": ""cashmere"", ""latinised"": ""cashmere""}}}"
177,1455992,buy:pullman-galleries,live,Pullman Galleries,,,,/search/?q=pullman%20galleries,nan,Generated using custom generation script,ERROR,"{""error"": {""type"": ""ZeroResultsError"", ""message"": ""There are no items for provided search term.""}}"
178,1468792,buy:antique-mexican-paintings,live,Antique Mexican Paintings,,,,/search/?q=antique%20mexican%20paintings,nan,Generated using custom generation script,ERROR,"{""error"": {""type"": ""ZeroResultsError"", ""message"": ""There are no items for provided search term.""}}"
179,1507192,buy:scissor,scheduled,Scissor,,,,/search/?buyPageVariant1=true&q=scissor,nan,Dynamic buy pages endpoint: Found probable duplicates! http://internal-mario-buyer-services-1695447112.us-east-1.elb.amazonaws.com/soa/query-builder/1/dynamicBuyPage?searchTerm=scissor,ERROR,"{""error"": {""type"": ""SearchTermError"", ""message"": ""The normalized search term is too short, it must contain two or more words."", ""searchTermData"": {""original"": ""scissor"", ""normalized"": ""scissor"", ""latinised"": ""scissor""}}}"
180,1454202,buy:coral-beads,live,Coral Beads,,,,/search/jewelry/?buyPageVariant1=true&q=coral+beads,/jewelry/stone-cut/bead/?stone=coral,Generated using custom generation script,SUCCESS,
181,1515132,buy:p-j-muntendam,scheduled,P J Muntendam,,,,/search/furniture/?buyPageVariant1=true&q=p+j+muntendam,/creators/ja-muntendam/furniture/,Dynamic buy pages endpoint,SUCCESS,
182,1471612,buy:barye-lion-serpents,live,Barye Lion Serpents,,,,/search/furniture/?buyPageVariant1=true&q=barye+lion+serpents,/creators/antione-louis-barye/furniture/,Generated using custom generation script,SUCCESS,
183,1501052,buy:hermes-constance-bags,ended,,,,,/search/fashion/?buyPageVariant1=true&q=hermes+constance+bags,/creators/hermes/fashion/handbags-purses-bags/shoulder-bags/,,SUCCESS,
184,1514622,buy:palm-beach,scheduled,Palm Beach,,,,/search/?buyPageVariant1=true&q=palm+beach,/art/,Dynamic buy pages endpoint,SUCCESS,
185,1453182,buy:star-wars,live,Star Wars,,,,/search/?buyPageVariant1=true&q=star+wars,/furniture/,Generated using custom generation script,SUCCESS,
186,1454462,buy:mughal-paintings,live,Mughal Paintings,,,,/search/?buyPageVariant1=true&q=mughal+paintings,/furniture/wall-decorations/paintings/,Generated using custom generation script,SUCCESS,
187,1455742,buy:leather-horses,live,Leather Horses,,,,/search/?buyPageVariant1=true&q=leather+horses,/furniture/material/leather/,Generated using custom generation script,SUCCESS,
188,1505662,buy:kimono,scheduled,Kimono,,,,/search/?buyPageVariant1=true&q=kimono,nan,Dynamic buy pages endpoint: Found probable duplicates! http://internal-mario-buyer-services-1695447112.us-east-1.elb.amazonaws.com/soa/query-builder/1/dynamicBuyPage?searchTerm=kimono,ERROR,"{""error"": {""type"": ""SearchTermError"", ""message"": ""The normalized search term is too short, it must contain two or more words."", ""searchTermData"": {""original"": ""kimono"", ""normalized"": ""kimono"", ""latinised"": ""kimono""}}}"
189,1514112,buy:tilt-top,scheduled,Tilt Top,,,,/search/furniture/?buyPageVariant1=true&q=tilt+top,/furniture/tables/,Dynamic buy pages endpoint: Found probable duplicates! http://internal-luigi-buyer-services-705204976.us-east-1.elb.amazonaws.com/soa/query-builder/1/dynamicBuyPage?searchTerm=tilt%20top,SUCCESS,
190,1452672,buy:currier-and-ives,live,Currier And Ives,,,,/search/?buyPageVariant1=true&q=currier+and+ives,/art/prints-works-on-paper/,Generated using custom generation script,SUCCESS,
191,1455232,buy:plant-pots,live,Plant Pots,,,,/search/?buyPageVariant1=true&q=plant+pots,/furniture/building-garden/fireplace-tools-chimney-pots/,Generated using custom generation script,SUCCESS,
192,1471872,buy:black-fire-opals,live,Black Fire Opals,,,,/search/?buyPageVariant1=true&q=black+fire+opals,/jewelry/material/opal/?color=black,Generated using custom generation script,SUCCESS,
193,1473152,buy:french-bulldogs,live,French Bulldogs,,,,/search/?buyPageVariant1=true&q=french+bulldogs,/furniture/origin/french/,Generated using custom generation script,SUCCESS,
194,1454722,buy:diana-the-huntress,live,Diana The Huntress,,,,/search/?buyPageVariant1=true&q=diana+the+huntress,/furniture/,Generated using custom generation script,SUCCESS,
195,1472642,buy:coffee-grinders,live,Coffee Grinders,,,,/search/?q=coffee%20grinder&buyPageVariant1=true,nan,Generated using custom generation script,ERROR,"{""error"": {""type"": ""SpellcheckError"", ""message"": ""Spellcheck for provided search term failed."", ""suggestion"": ""coffee grinder""}}"
196,1473922,buy:religious-gold-pendants,live,Religious Gold Pendants,,,,/search/?buyPageVariant1=true&q=religious+gold+pendants,/jewelry/necklaces/pendant-necklaces/religious-items/?color=gold,Generated using custom generation script,SUCCESS,
197,1515912,buy:butterfly-hanging-lamp,scheduled,Butterfly Hanging Lamp,,,,/search/furniture/?buyPageVariant1=true&q=butterfly+hanging+lamp,/furniture/lighting/,Dynamic buy pages endpoint: Found probable duplicates! http://internal-luigi-buyer-services-705204976.us-east-1.elb.amazonaws.com/soa/query-builder/1/dynamicBuyPage?searchTerm=butterfly%20hanging%20lamp,SUCCESS,
198,1469832,buy:kenneth-j-lane,live,Kenneth J Lane,,,,/search/fashion/?buyPageVariant1=true&q=kenneth+j+lane,/creators/kenneth-jay-lane/fashion/,Generated using custom generation script,SUCCESS,
199,1472392,buy:card-holders,live,Card Holders,,,,/search/?q=card%20holder&buyPageVariant1=true,nan,Generated using custom generation script,ERROR,"{""error"": {""type"": ""StructuredBrowsePagesError"", ""message"": ""Only structured browse pages found for provided search term."", ""uriRef"": ""/furniture/decorative-objects/candle-holders/""}}"
200,1506952,buy:hanging-bookcase,scheduled,Hanging Bookcase/,,,,/search/furniture/?buyPageVariant1=true&q=hanging+bookcase,/furniture/storage-case-pieces/bookcases/,Dynamic buy pages endpoint,SUCCESS,
201,1512842,buy:bird-bath,scheduled,Bird Bath,,,,/search/?buyPageVariant1=true&q=bird+bath,/furniture/building-garden/,Dynamic buy pages endpoint: Found probable duplicates! http://internal-luigi-buyer-services-705204976.us-east-1.elb.amazonaws.com/soa/query-builder/1/dynamicBuyPage?searchTerm=bird%20bath,SUCCESS,
202,1506442,buy:croquet,scheduled,Croquet,,,,/search/?buyPageVariant1=true&q=croquet,nan,Dynamic buy pages endpoint: Found probable duplicates! http://internal-mario-buyer-services-1695447112.us-east-1.elb.amazonaws.com/soa/query-builder/1/dynamicBuyPage?searchTerm=croquet,ERROR,"{""error"": {""type"": ""SearchTermError"", ""message"": ""The normalized search term is too short, it must contain two or more words."", ""searchTermData"": {""original"": ""croquet"", ""normalized"": ""croquet"", ""latinised"": ""croquet""}}}"
203,1470092,buy:olga-de-amaral,live,Olga De Amaral,,,,/search/?q=olga%20de%20amaral,nan,Generated using custom generation script,ERROR,"{""error"": {""type"": ""ZeroResultsError"", ""message"": ""There are no items for provided search term.""}}"
204,1507212,buy:large-ornate-mirror,scheduled,Large Ornate Mirror/,,,,/search/furniture/?buyPageVariant1=true&q=large+ornate+mirror,/furniture/mirrors/,Dynamic buy pages endpoint,SUCCESS,
205,1515662,buy:david-gunn,scheduled,David Gunn,,,,/search/art/?buyPageVariant1=true&q=david+gunn,/art/,Dynamic buy pages endpoint,SUCCESS,
206,649102,buy:vintage-and-antique-propellers,scheduled,,,,,,nan,,ERROR,"{""error"": {""type"": ""ZeroResultsError"", ""message"": ""There are no items for provided search term.""}}"
207,1507472,buy:divan,scheduled,Divan,,,,/search/?buyPageVariant1=true&q=divan,nan,Dynamic buy pages endpoint: Found probable duplicates! http://internal-mario-buyer-services-1695447112.us-east-1.elb.amazonaws.com/soa/query-builder/1/dynamicBuyPage?searchTerm=divan,ERROR,"{""error"": {""type"": ""SearchTermError"", ""message"": ""The normalized search term is too short, it must contain two or more words."", ""searchTermData"": {""original"": ""divan"", ""normalized"": ""divan"", ""latinised"": ""divan""}}}"
208,1453202,buy:mikimoto-pearls,live,Mikimoto Pearls,,,,/search/?buyPageVariant1=true&q=mikimoto+pearls,/creators/mikimoto/jewelry/?stone=pearl,Generated using custom generation script,SUCCESS,
209,1469842,buy:kenneth-j-lane-cross,live,Kenneth J Lane Cross,,,,/search/?buyPageVariant1=true&q=kenneth+j+lane+cross,/creators/kenneth-jay-lane/fashion/,Generated using custom generation script,SUCCESS,
210,1505682,buy:tartan,scheduled,Tartan,,,,/search/?buyPageVariant1=true&q=tartan,nan,Dynamic buy pages endpoint: Found probable duplicates! http://internal-mario-buyer-services-1695447112.us-east-1.elb.amazonaws.com/soa/query-builder/1/dynamicBuyPage?searchTerm=tartan,ERROR,"{""error"": {""type"": ""SearchTermError"", ""message"": ""The normalized search term is too short, it must contain two or more words."", ""searchTermData"": {""original"": ""tartan"", ""normalized"": ""tartan"", ""latinised"": ""tartan""}}}"
211,1507732,buy:dueber,scheduled,Dueber,,,,/search/jewelry/?buyPageVariant1=true&q=dueber,nan,Dynamic buy pages endpoint,ERROR,"{""error"": {""type"": ""SearchTermError"", ""message"": ""The normalized search term is too short, it must contain two or more words."", ""searchTermData"": {""original"": ""dueber"", ""normalized"": ""dueber"", ""latinised"": ""dueber""}}}"
212,1455252,buy:cookie-jars,live,Cookie Jars,,,,/search/?buyPageVariant1=true&q=cookie+jars,/furniture/decorative-objects/vases-vessels/jars/,Generated using custom generation script,SUCCESS,
213,1506452,buy:sugar-caster,scheduled,Sugar Caster/,,,,/search/?buyPageVariant1=true&q=sugar+caster,/furniture/dining-entertaining/,Dynamic buy pages endpoint,SUCCESS,
214,1508502,buy:display-counter,scheduled,Display Counter,,,,/search/furniture/?buyPageVariant1=true&q=display+counter,/furniture/,Dynamic buy pages endpoint,SUCCESS,
215,1453462,buy:cranberry-glass,live,Cranberry Glass,,,,/search/?buyPageVariant1=true&q=cranberry+glass,/furniture/dining-entertaining/,Generated using custom generation script,SUCCESS,
216,1471382,buy:antique-maps,live,Antique Maps,,,,/search/furniture/?buyPageVariant1=true&q=antique+maps,/furniture/more-furniture-collectibles/collectibles-curiosities/maps/?item-type=antique-vintage,Generated using custom generation script,SUCCESS,
217,1472662,buy:collier-de-chiens,live,Collier De Chiens,,,,/search/?buyPageVariant1=true&q=collier+de+chiens,/creators/hermes/fashion/,Generated using custom generation script,SUCCESS,
218,1505942,buy:seduction,scheduled,Seduction,,,,/search/?buyPageVariant1=true&q=seduction,nan,Dynamic buy pages endpoint,ERROR,"{""error"": {""type"": ""SearchTermError"", ""message"": ""The normalized search term is too short, it must contain two or more words."", ""searchTermData"": {""original"": ""seduction"", ""normalized"": ""seduction"", ""latinised"": ""seduction""}}}"
219,1507992,buy:tica,scheduled,Tica,,,,/search/?buyPageVariant1=true&q=tica,nan,Dynamic buy pages endpoint: Found probable duplicates! http://internal-mario-buyer-services-1695447112.us-east-1.elb.amazonaws.com/soa/query-builder/1/dynamicBuyPage?searchTerm=tica,ERROR,"{""error"": {""type"": ""SearchTermError"", ""message"": ""The normalized search term is too short, it must contain two or more words."", ""searchTermData"": {""original"": ""tica"", ""normalized"": ""tica"", ""latinised"": ""tica""}}}"
220,1473432,buy:hair-clips,live,Hair Clips,,,,/search/?q=hair%20clip&buyPageVariant1=true,nan,Generated using custom generation script,ERROR,"{""error"": {""type"": ""SpellcheckError"", ""message"": ""Spellcheck for provided search term failed."", ""suggestion"": ""hair clip""}}"
221,276633,buy:candle-holders-chandeliers,live,,,,,,nan,,ERROR,"{""error"": {""type"": ""StructuredBrowsePagesError"", ""message"": ""Only structured browse pages found for provided search term."", ""uriRef"": ""/furniture/decorative-objects/candle-holders/""}}"
222,1515162,buy:kitchen-hutch,scheduled,Kitchen Hutch,,,,/search/furniture/?buyPageVariant1=true&q=kitchen+hutch,/furniture/storage-case-pieces/,Dynamic buy pages endpoint,SUCCESS,
223,1453722,buy:cabinet-of-curiosities,live,Cabinet Of Curiosities,,,,/search/?buyPageVariant1=true&q=cabinet+of+curiosities,/furniture/storage-case-pieces/collectibles-curiosities/,Generated using custom generation script,SUCCESS,
224,1469082,buy:blue-and-white-objects,live,Blue And White Objects,,,,/search/furniture/?buyPageVariant1=true&q=blue+and+white+objects,/furniture/decorative-objects/vases-vessels/?color=blue,Generated using custom generation script,SUCCESS,
225,1470362,buy:shirt-studs,live,Shirt Studs,,,,/search/?buyPageVariant1=true&q=shirt+studs,/fashion/clothing/shirts/,Generated using custom generation script,SUCCESS,
226,1471642,buy:beach-chairs,live,Beach Chairs,,,,/search/?buyPageVariant1=true&q=beach+chairs,/furniture/seating/chairs/,Generated using custom generation script,SUCCESS,
227,1472922,buy:electric-fans,live,Electric Fans,,,,/search/?q=electric%20fan&buyPageVariant1=true,nan,Generated using custom generation script,ERROR,"{""error"": {""type"": ""SpellcheckError"", ""message"": ""Spellcheck for provided search term failed."", ""suggestion"": ""electric fan""}}"
228,1506202,buy:tennessee-williams,live,Tennessee Williams,,,,/search/?buyPageVariant1=true&q=tennessee+williams,/art/,Dynamic buy pages endpoint,SUCCESS,
229,1454492,buy:framed-botanicals,live,Framed Botanicals,,,,/search/?buyPageVariant1=true&q=framed+botanicals,/furniture/,Generated using custom generation script,SUCCESS,
230,1473692,buy:owl-athena-coins,live,Owl Athena Coins,,,,/search/?buyPageVariant1=true&q=owl+athena+coins,/jewelry/,Generated using custom generation script,SUCCESS,
231,1505692,buy:tallboy,scheduled,Tallboy,,,,/search/furniture/?buyPageVariant1=true&q=tallboy,nan,Dynamic buy pages endpoint: Found probable duplicates! http://internal-mario-buyer-services-1695447112.us-east-1.elb.amazonaws.com/soa/query-builder/1/dynamicBuyPage?searchTerm=tallboy,ERROR,"{""error"": {""type"": ""SearchTermError"", ""message"": ""The normalized search term is too short, it must contain two or more words."", ""searchTermData"": {""original"": ""tallboy"", ""normalized"": ""tallboy"", ""latinised"": ""tallboy""}}}"
232,1514142,buy:reading-glasses,scheduled,Reading Glasses,,,,/search/?buyPageVariant1=true&q=reading+glasses,/furniture/,Dynamic buy pages endpoint,SUCCESS,
233,1452702,buy:perfume-bottles,live,Perfume Bottles,,,,/search/?buyPageVariant1=true&q=perfume+bottles,/furniture/decorative-objects/vases-vessels/bottles/,Generated using custom generation script,SUCCESS,
234,1456542,buy:bronze-statues-of-horses,live,Bronze Statues Of Horses,,,,/search/?buyPageVariant1=true&q=bronze+statues+of+horses,/creators/guillaume-coustou/furniture/?material=bronze,Generated using custom generation script,SUCCESS,
235,1475742,buy:antique-music-boxes,live,Antique Music Boxes,,,,/search/furniture/?buyPageVariant1=true&q=antique+music+boxes,/furniture/decorative-objects/boxes/music-stands/?item-type=antique-vintage,Generated using custom generation script,SUCCESS,
236,1506462,buy:robot-lamp,scheduled,Robot Lamp/,,,,/search/furniture/?buyPageVariant1=true&q=robot+lamp,/furniture/lighting/floor-lamps/,Dynamic buy pages endpoint,SUCCESS,
237,424863,buy:los-angeles-posters,live,,,,,/search/?buyPageVariant1=true&q=los+angeles+posters,/furniture/wall-decorations/posters/,,SUCCESS,
238,1456032,buy:ancient-antiquities,live,Ancient Antiquities,,,,/search/furniture/?buyPageVariant1=true&q=ancient+antiquities,/furniture/asian-art-furniture/antiquities/,Generated using custom generation script,SUCCESS,
239,1468832,buy:arc-en-ciel,live,Arc En Ciel,,,,/search/?buyPageVariant1=true&q=arc+en+ciel,/art/,Generated using custom generation script,SUCCESS,
240,1508002,buy:moorish-antique,scheduled,Moorish-Antique,,,,/search/furniture/?buyPageVariant1=true&q=moorish+antique,/furniture/style/moorish/?creator=antique-textiles-galleries,Dynamic buy pages endpoint,SUCCESS,
241,1454242,buy:ship-models,live,Ship Models,,,,/search/furniture/?buyPageVariant1=true&q=ship+models,/furniture/more-furniture-collectibles/collectibles-curiosities/models-miniatures/,Generated using custom generation script,SUCCESS,
242,1469602,buy:grand-pianos,live,Grand Pianos,,,,/search/?buyPageVariant1=true&q=grand+pianos,/creators/young-chang-pianos/furniture/,Generated using custom generation script,SUCCESS,
243,1473442,buy:gun-cabinets,live,Gun Cabinets,,,,/search/furniture/?buyPageVariant1=true&q=gun+cabinets,/furniture/storage-case-pieces/,Generated using custom generation script,SUCCESS,
244,276643,buy:candle-holders-sconces,live,,,,,,nan,,ERROR,"{""error"": {""type"": ""StructuredBrowsePagesError"", ""message"": ""Only structured browse pages found for provided search term."", ""uriRef"": ""/furniture/decorative-objects/candle-holders/""}}"
245,1469092,buy:blue-and-white-tiles,live,Blue And White Tiles,,,,/search/?q=blue%20and%20white%20tiles&buyPageVariant1=true,nan,Generated using custom generation script,ERROR,"{""error"": {""type"": ""SpellcheckError"", ""message"": ""Spellcheck for provided search term failed."", ""suggestion"": ""blue and white vases""}}"
246,1508262,buy:ostrich-feather-coat,scheduled,Ostrich Feather Coat/,,,,/search/fashion/?buyPageVariant1=true&q=ostrich+feather+coat,/fashion/clothing/coats-outerwear/,Dynamic buy pages endpoint,SUCCESS,
247,1513382,buy:drinks-trolley,scheduled,Drinks Trolley,,,,/search/furniture/?buyPageVariant1=true&q=drinks+trolley,/furniture/,Dynamic buy pages endpoint,SUCCESS,
248,1469862,buy:la-rose-rouge,live,La Rose Rouge,,,,/search/art/?buyPageVariant1=true&q=la+rose+rouge,/creators/william-malherbe/art/,Generated using custom generation script,SUCCESS,
249,1472422,buy:celestial-globes,live,Celestial Globes,,,,/search/?q=celestial%20globe&buyPageVariant1=true,nan,Generated using custom generation script,ERROR,"{""error"": {""type"": ""SpellcheckError"", ""message"": ""Spellcheck for provided search term failed."", ""suggestion"": ""celestial globe""}}"
250,1474472,buy:tall-outdoor-sculptures,live,Tall Outdoor Sculptures,,,,/search/?q=tall%20outdoor%20sculpture,nan,Generated using custom generation script,ERROR,"{""error"": {""type"": ""ZeroResultsError"", ""message"": ""There are no items for provided search term.""}}"
251,1470122,buy:opera-glasses,live,Opera Glasses,,,,/search/?buyPageVariant1=true&q=opera+glasses,/furniture/dining-entertaining/,Generated using custom generation script,SUCCESS,
252,1469612,buy:gold-belt-buckles,live,Gold Belt Buckles,,,,/search/?buyPageVariant1=true&q=gold+belt+buckles,/fashion/accessories/belts/?color=gold,Generated using custom generation script,SUCCESS,
253,276653,buy:outdoor-lights-sconces,live,,,,,/search/furniture/?buyPageVariant1=true&q=outdoor+lights+sconces,/furniture/lighting/sconces-wall-lights/,,SUCCESS,
254,1591981,buy:yves-saint-laurent-vintage-necklace,scheduled,,,,,/search/?buyPageVariant1=true&q=yves+saint+laurent+vintage+necklace,/creators/yves-saint-laurent/necklaces/?item-type=antique-vintage,Dynamic buy pages endpoint,SUCCESS,
255,1453742,buy:bee-pins,live,Bee Pins,,,,/search/?buyPageVariant1=true&q=bee+pins,/jewelry/,Generated using custom generation script,SUCCESS,
256,1472942,buy:enamel-pendants,live,Enamel Pendants,,,,/search/?q=enamel%20pendant&buyPageVariant1=true,nan,Generated using custom generation script,ERROR,"{""error"": {""type"": ""StructuredBrowsePagesError"", ""message"": ""Only structured browse pages found for provided search term."", ""uriRef"": ""/furniture/lighting/chandeliers-pendant-lights/""}}"
257,1454512,buy:piranesi-etchings,live,Piranesi Etchings,,,,/search/?buyPageVariant1=true&q=piranesi+etchings,/creators/giovanni-battista-piranesi/art/?material=etching,Generated using custom generation script,SUCCESS,
258,1455282,buy:rare-prints,live,Rare Prints,,,,/search/?buyPageVariant1=true&q=rare+prints,/art/prints-works-on-paper/,Generated using custom generation script,SUCCESS,
259,1506482,buy:ysl,scheduled,Ysl,,,,/search/fashion/?buyPageVariant1=true&q=ysl,nan,Dynamic buy pages endpoint: Found probable duplicates! http://internal-mario-buyer-services-1695447112.us-east-1.elb.amazonaws.com/soa/query-builder/1/dynamicBuyPage?searchTerm=ysl,ERROR,"{""error"": {""type"": ""SearchTermError"", ""message"": ""The normalized search term is too short, it must contain two or more words."", ""searchTermData"": {""original"": ""ysl"", ""normalized"": ""ysl"", ""latinised"": ""ysl""}}}"
260,1514932,buy:credenza-w-book-shelves,scheduled,Credenza W Book Shelves,,,,/search/furniture/?buyPageVariant1=true&q=credenza+w+book+shelves,/furniture/storage-case-pieces/,Dynamic buy pages endpoint,SUCCESS,
261,1470132,buy:our-lady-guadalupe,live,Our Lady Guadalupe,,,,/search/furniture/?buyPageVariant1=true&q=our+lady+guadalupe,/furniture/,Generated using custom generation script,SUCCESS,
262,1472692,buy:cricket-bats,live,Cricket Bats,,,,/search/?q=cricket%20bat&buyPageVariant1=true,nan,Generated using custom generation script,ERROR,"{""error"": {""type"": ""ZeroResultsError"", ""message"": ""There are no items for provided search term.""}}"
263,1473972,buy:scottish-anchor-pins,live,Scottish Anchor Pins,,,,/search/?q=scottish%20anchor%20pin,nan,Generated using custom generation script,ERROR,"{""error"": {""type"": ""ZeroResultsError"", ""message"": ""There are no items for provided search term.""}}"
264,1505972,buy:queen-headboard,scheduled,Queen Headboard,,,,/search/furniture/?buyPageVariant1=true&q=queen+headboard,/furniture/more-furniture-collectibles/,Dynamic buy pages endpoint: Found probable duplicates! http://internal-mario-buyer-services-1695447112.us-east-1.elb.amazonaws.com/soa/query-builder/1/dynamicBuyPage?searchTerm=queen%20headboard,SUCCESS,
265,1501622,buy:gateleg-table,live,,,,,/search/furniture/?buyPageVariant1=true&q=gateleg+table,/furniture/tables/,Soft-delete page,SUCCESS,
266,1471672,buy:bath-tubs,live,Bath Tubs,,,,/search/?buyPageVariant1=true&q=bath+tubs,/creators/david-levy/furniture/,Generated using custom generation script,SUCCESS,
267,1473722,buy:pet-carriers,live,Pet Carriers,,,,/search/?q=pet%20carrier&buyPageVariant1=true,nan,Generated using custom generation script,ERROR,"{""error"": {""type"": ""SpellcheckError"", ""message"": ""Spellcheck for provided search term failed."", ""suggestion"": ""pet carrier""}}"
268,1505722,buy:round-nightstand,scheduled,Round Nightstand,,,,/search/furniture/?buyPageVariant1=true&q=round+nightstand,/furniture/,Dynamic buy pages endpoint: Found probable duplicates! http://internal-mario-buyer-services-1695447112.us-east-1.elb.amazonaws.com/soa/query-builder/1/dynamicBuyPage?searchTerm=round%20nightstand,SUCCESS,
269,1507772,buy:oriental-runner,scheduled,Oriental Runner/,,,,/search/furniture/?buyPageVariant1=true&q=oriental+runner,/furniture/rugs-carpets/,Dynamic buy pages endpoint,SUCCESS,
270,1455292,buy:totem-poles,live,Totem Poles,,,,/search/?buyPageVariant1=true&q=totem+poles,/furniture/,Generated using custom generation script,SUCCESS,
271,1470652,buy:terra-cotta-tiles,live,Terra Cotta Tiles,,,,/search/?q=terra%20cotta%20tiles,nan,Generated using custom generation script,ERROR,"{""error"": {""type"": ""ZeroResultsError"", ""message"": ""There are no items for provided search term.""}}"
272,1506492,buy:mother,scheduled,Mother,,,,/search/?buyPageVariant1=true&q=mother,nan,Dynamic buy pages endpoint: Found probable duplicates! http://internal-mario-buyer-services-1695447112.us-east-1.elb.amazonaws.com/soa/query-builder/1/dynamicBuyPage?searchTerm=mother,ERROR,"{""error"": {""type"": ""SearchTermError"", ""message"": ""The normalized search term is too short, it must contain two or more words."", ""searchTermData"": {""original"": ""mother"", ""normalized"": ""mother"", ""latinised"": ""mother""}}}"
273,1474752,buy:tortoise-mother-of-pearls,live,Tortoise Mother Of Pearls,,,,/search/furniture/?buyPageVariant1=true&q=tortoise+mother+of+pearls,/creators/maitland-smith/furniture/?material=tortoise-shell,Generated using custom generation script,SUCCESS,
274,1456322,buy:lake-or-sea-paintings,live,Lake Or Sea Paintings,,,,/search/?buyPageVariant1=true&q=lake+or+sea+paintings,/creators/hana-or/art/paintings/?stone=south-sea-pearl,Generated using custom generation script,SUCCESS,
275,1471682,buy:bean-bags,live,Bean Bags,,,,/search/?q=bean%20bag&buyPageVariant1=true,nan,Generated using custom generation script,ERROR,"{""error"": {""type"": ""SpellcheckError"", ""message"": ""Spellcheck for provided search term failed."", ""suggestion"": ""bean bag""}}"
276,1474242,buy:steel-and-glass-doors,live,Steel And Glass Doors,,,,/search/furniture/?buyPageVariant1=true&q=steel+and+glass+doors,/furniture/storage-case-pieces/material/glass/,Generated using custom generation script,SUCCESS,
277,1453252,buy:coat-of-arms,live,Coat Of Arms,,,,/search/?buyPageVariant1=true&q=coat+of+arms,/furniture/storage-case-pieces/commodes-chests-of-drawers/coat-racks-stands/,Generated using custom generation script,SUCCESS,
278,1457092,buy:abstract-modernist-wood-sculptures,live,Abstract Modernist Wood Sculptures,,,,/search/?buyPageVariant1=true&q=abstract+modernist+wood+sculptures,/furniture/decorative-objects/sculptures/material/wood/?style=abstract,Generated using custom generation script,SUCCESS,
279,1505732,buy:long-couch,scheduled,Long Couch,,,,/search/?buyPageVariant1=true&q=long+couch,/furniture/seating/,Dynamic buy pages endpoint: Found probable duplicates! http://internal-mario-buyer-services-1695447112.us-east-1.elb.amazonaws.com/soa/query-builder/1/dynamicBuyPage?searchTerm=long%20couch,SUCCESS,
280,1507012,buy:sculptor-stand,scheduled,Sculptor Stand/,,,,/search/?buyPageVariant1=true&q=sculptor+stand,/furniture/more-furniture-collectibles/racks-stands/,Dynamic buy pages endpoint,SUCCESS,
281,1471432,buy:antique-shawls,live,Antique Shawls,,,,/search/?buyPageVariant1=true&q=antique+shawls,/fashion/clothing/coats-outerwear/shawls/?item-type=antique-vintage,Generated using custom generation script,SUCCESS,
282,1454282,buy:morris-louis,live,Morris Louis,,,,/search/art/?buyPageVariant1=true&q=morris+louis,/art/,Generated using custom generation script,SUCCESS,
283,1469642,buy:henry-scott-tuke,live,Henry Scott Tuke,,,,/search/furniture/?buyPageVariant1=true&q=henry+scott+tuke,/furniture/,Generated using custom generation script,SUCCESS,
284,1470922,buy:vintage-designer-jewelry,live,Vintage Designer Jewelry,,,,/search/?buyPageVariant1=true&q=vintage+designer+jewelry,/jewelry/?item-type=antique-vintage,Generated using custom generation script,SUCCESS,
285,1473482,buy:horse-heads,live,Horse Heads,,,,/search/?buyPageVariant1=true&q=horse+heads,/furniture/,Generated using custom generation script,SUCCESS,
286,1506762,buy:first-edition,scheduled,First Edition,,,,/search/furniture/?buyPageVariant1=true&q=first+edition,/furniture/,Dynamic buy pages endpoint: Found probable duplicates! http://internal-mario-buyer-services-1695447112.us-east-1.elb.amazonaws.com/soa/query-builder/1/dynamicBuyPage?searchTerm=first%20edition,SUCCESS,
287,1507532,buy:kelly-28,scheduled,Kelly 28,,,,/search/fashion/?buyPageVariant1=true&q=kelly+28,/fashion/handbags-purses-bags/,Dynamic buy pages endpoint,SUCCESS,
288,1452492,buy:van-cleef-and-arpels,live,Van Cleef And Arpels,,,,/search/jewelry/?buyPageVariant1=true&q=van+cleef+and+arpels,/jewelry/more-jewelry-watches/,Generated using custom generation script,SUCCESS,
289,1471692,buy:belgium-blue-stones,live,Belgium Blue Stones,,,,/search/furniture/?buyPageVariant1=true&q=belgium+blue+stones,/creators/marc-d-haenens/furniture/?material=stone,Generated using custom generation script,SUCCESS,
290,1508302,buy:candy,scheduled,Candy,,,,/search/?buyPageVariant1=true&q=candy,nan,Dynamic buy pages endpoint: Found probable duplicates! http://internal-mario-buyer-services-1695447112.us-east-1.elb.amazonaws.com/soa/query-builder/1/dynamicBuyPage?searchTerm=candy,ERROR,"{""error"": {""type"": ""SearchTermError"", ""message"": ""The normalized search term is too short, it must contain two or more words."", ""searchTermData"": {""original"": ""candy"", ""normalized"": ""candy"", ""latinised"": ""candy""}}}"
291,1469902,buy:liberty-blue-china,live,Liberty Blue China,,,,/search/furniture/?buyPageVariant1=true&q=liberty+blue+china,/furniture/,Generated using custom generation script,SUCCESS,
292,1515472,buy:pair-demilune,scheduled,Pair Demilune,,,,/search/furniture/?buyPageVariant1=true&q=pair+demilune,/furniture/tables/,Dynamic buy pages endpoint,SUCCESS,
293,1456592,buy:salt-and-pepper-diamonds,live,Salt And Pepper Diamonds,,,,/search/jewelry/?buyPageVariant1=true&q=salt+and+pepper+diamonds,/jewelry/period/21st-century-and-contemporary/?creator=concierge-diamonds-inc,Generated using custom generation script,SUCCESS,
294,1469392,buy:flow-blue-china,live,Flow Blue China,,,,/search/furniture/?buyPageVariant1=true&q=flow+blue+china,/creators/florian-hauswirth/furniture/?color=blue,Generated using custom generation script,SUCCESS,
295,1470672,buy:thames-valley-windsor,live,Thames Valley Windsor,,,,/search/furniture/?buyPageVariant1=true&q=thames+valley+windsor,/furniture/seating/windsor-chairs/,Generated using custom generation script,SUCCESS,
296,1453522,buy:loose-gems,live,Loose Gems,,,,/search/jewelry/?buyPageVariant1=true&q=loose+gems,/creators/sarosi-by-timeless-gems/jewelry/,Generated using custom generation script,SUCCESS,
297,1474002,buy:shooting-gallery-targets,live,Shooting Gallery Targets,,,,/search/furniture/?buyPageVariant1=true&q=shooting+gallery+targets,/furniture/,Generated using custom generation script,SUCCESS,
298,1506002,buy:pug-painting,scheduled,Pug Painting/,,,,/search/?buyPageVariant1=true&q=pug+painting,/art/paintings/,Dynamic buy pages endpoint,SUCCESS,
299,1508052,buy:anatomical-beetle,scheduled,Anatomical Beetle,,,,/search/furniture/?buyPageVariant1=true&q=anatomical+beetle,/furniture/more-furniture-collectibles/,Dynamic buy pages endpoint,SUCCESS,
300,1455572,buy:mark-gonzales,live,Mark Gonzales,,,,/search/art/?buyPageVariant1=true&q=mark+gonzales,/creators/supreme/art/,Generated using custom generation script,SUCCESS,
301,1472212,buy:brass-statues,live,Brass Statues,,,,/search/?q=brass%20statue&buyPageVariant1=true,nan,Generated using custom generation script,ERROR,"{""error"": {""type"": ""StructuredBrowsePagesError"", ""message"": ""Only structured browse pages found for provided search term."", ""uriRef"": ""/furniture/building-garden/statues/material/brass/""}}"
302,1473492,buy:horse-statues,live,Horse Statues,,,,/search/?buyPageVariant1=true&q=horse+statues,/furniture/building-garden/statues/,Generated using custom generation script,SUCCESS,
303,276693,buy:flowers-lamps,live,,,,,/search/furniture/?buyPageVariant1=true&q=flowers+lamps,/furniture/lighting/table-lamps/,,SUCCESS,
304,1507542,buy:perlee,scheduled,Perlee,,,,/search/?buyPageVariant1=true&q=perlee,nan,Dynamic buy pages endpoint,ERROR,"{""error"": {""type"": ""SearchTermError"", ""message"": ""The normalized search term is too short, it must contain two or more words."", ""searchTermData"": {""original"": ""perlee"", ""normalized"": ""perlee"", ""latinised"": ""perlee""}}}"
305,1456342,buy:art-deco-shield-rings,live,Art Deco Shield Rings,,,,/search/jewelry/?buyPageVariant1=true&q=art+deco+shield+rings,/jewelry/rings/style/art-deco/,Generated using custom generation script,SUCCESS,
306,1471702,buy:beach-hats,live,Beach Hats,,,,/search/?buyPageVariant1=true&q=beach+hats,/fashion/accessories/hats/,Generated using custom generation script,SUCCESS,
307,1508312,buy:people-at-the-beach,scheduled,People At The Beach,,,,/search/art/?buyPageVariant1=true&q=people+at+the+beach,/creators/larry-horowitz/art/,Dynamic buy pages endpoint,SUCCESS,
308,1454552,buy:currier-and-ives-prints,live,Currier And Ives Prints,,,,/search/?buyPageVariant1=true&q=currier+and+ives+prints,/art/prints-works-on-paper/landscape-prints-works-on-paper/,Generated using custom generation script,SUCCESS,
309,1455832,buy:marcus-aurelius,live,Marcus Aurelius,,,,/search/?buyPageVariant1=true&q=marcus+aurelius,/creators/david-payne/furniture/,Generated using custom generation script,SUCCESS,
310,1505752,buy:pediment,scheduled,Pediment ,,,,/search/furniture/?buyPageVariant1=true&q=pediment+,nan,Dynamic buy pages endpoint: Found probable duplicates! http://internal-mario-buyer-services-1695447112.us-east-1.elb.amazonaws.com/soa/query-builder/1/dynamicBuyPage?searchTerm=pediment%20,ERROR,"{""error"": {""type"": ""SearchTermError"", ""message"": ""The normalized search term is too short, it must contain two or more words."", ""searchTermData"": {""original"": ""pediment"", ""normalized"": ""pediment"", ""latinised"": ""pediment""}}}"
311,1515482,buy:the-last-supper,scheduled,The Last Supper ,,,,/search/?buyPageVariant1=true&q=the+last+supper,/furniture/,Dynamic buy pages endpoint,SUCCESS,
312,1452762,buy:rare-books,live,Rare Books,,,,/search/?buyPageVariant1=true&q=rare+books,/furniture/more-furniture-collectibles/collectibles-curiosities/books/,Generated using custom generation script,SUCCESS,
313,1470682,buy:thick-gold-chains,live,Thick Gold Chains,,,,/search/?buyPageVariant1=true&q=thick+gold+chains,/jewelry/necklaces/chain-necklaces/metal/gold/,Generated using custom generation script,SUCCESS,
314,1471962,buy:bloodstone-rings,live,Bloodstone Rings,,,,/search/?q=bloodstone%20ring&buyPageVariant1=true,nan,Generated using custom generation script,ERROR,"{""error"": {""type"": ""SpellcheckError"", ""message"": ""Spellcheck for provided search term failed."", ""suggestion"": ""bloodstone ring""}}"
315,1474522,buy:tapestry-with-fringes,live,Tapestry With Fringes,,,,/search/furniture/?buyPageVariant1=true&q=tapestry+with+fringes,/furniture/wall-decorations/tapestry/,Generated using custom generation script,SUCCESS,
316,1475802,buy:cigarette-boxes,live,Cigarette Boxes,,,,/search/?buyPageVariant1=true&q=cigarette+boxes,/furniture/decorative-objects/boxes/,Generated using custom generation script,SUCCESS,
317,1453532,buy:rare-coins,live,Rare Coins,,,,/search/?buyPageVariant1=true&q=rare+coins,/fashion/,Generated using custom generation script,SUCCESS,
318,1506012,buy:julius-caesar-bust,scheduled,Julius Caesar Bust/,,,,/search/?buyPageVariant1=true&q=julius+caesar+bust,/furniture/decorative-objects/sculptures/busts/,Dynamic buy pages endpoint,SUCCESS,
319,1583582,buy:gold-rolls-royce-earrings,live,,,,,,nan,Soft-delete page,ERROR,"{""error"": {""type"": ""ZeroResultsError"", ""message"": ""There are no items for provided search term.""}}"
320,1454302,buy:orson-welles,live,Orson Welles,,,,/search/art/?buyPageVariant1=true&q=orson+welles,/creators/slim-aarons-1916-2006-american/art/,Generated using custom generation script,SUCCESS,
321,1452512,buy:movie-posters,live,Movie Posters,,,,/search/furniture/?buyPageVariant1=true&q=movie+posters,/furniture/wall-decorations/posters/,Generated using custom generation script,SUCCESS,
322,1453792,buy:faberge-eggs,live,Faberge Eggs,,,,/search/?buyPageVariant1=true&q=faberge+eggs,/creators/faberge/jewelry/,Generated using custom generation script,SUCCESS,
323,1506272,buy:tree-branch-lamp,scheduled,Tree Branch Lamp/,,,,/search/furniture/?buyPageVariant1=true&q=tree+branch+lamp,/furniture/lighting/table-lamps/,Dynamic buy pages endpoint,SUCCESS,
324,335073,buy:copper-sculptures,live,,,,,,nan,,ERROR,"{""error"": {""type"": ""StructuredBrowsePagesError"", ""message"": ""Only structured browse pages found for provided search term."", ""uriRef"": ""/furniture/decorative-objects/sculptures/material/copper/""}}"
325,1475042,buy:vintage-carnival-games,live,Vintage Carnival Games,,,,/search/?q=vintage%20carnival%20game,nan,Generated using custom generation script,ERROR,"{""error"": {""type"": ""ZeroResultsError"", ""message"": ""There are no items for provided search term.""}}"
326,1454052,buy:tiffany-stained-glass,live,Tiffany Stained Glass,,,,/search/?buyPageVariant1=true&q=tiffany+stained+glass,/furniture/material/stained-glass/?creator=tiffany-studios,Generated using custom generation script,SUCCESS,
327,1475812,buy:elvis-presley-watches,live,Elvis Presley Watches,,,,/search/?q=elvis%20presley%20watch,nan,Generated using custom generation script,ERROR,"{""error"": {""type"": ""ZeroResultsError"", ""message"": ""There are no items for provided search term.""}}"
328,1600742,buy:pair-of-mid-century-chairs,scheduled,,,,,/search/furniture/?buyPageVariant1=true&q=pair+of+mid+century+chairs,/furniture/seating/lounge-chairs/period/20th-century/?creator=karpen-of-california,Dynamic buy pages endpoint: Found probable duplicates! http://internal-mario-buyer-services-1695447112.us-east-1.elb.amazonaws.com/soa/query-builder/1/dynamicBuyPage?searchTerm=pair%20of%20mid%20century%20chairs,SUCCESS,
329,1506022,buy:coaster,scheduled,Coaster,,,,/search/furniture/?buyPageVariant1=true&q=coaster,nan,Dynamic buy pages endpoint: Found probable duplicates! http://internal-mario-buyer-services-1695447112.us-east-1.elb.amazonaws.com/soa/query-builder/1/dynamicBuyPage?searchTerm=coaster,ERROR,"{""error"": {""type"": ""SearchTermError"", ""message"": ""The normalized search term is too short, it must contain two or more words."", ""searchTermData"": {""original"": ""coaster"", ""normalized"": ""coaster"", ""latinised"": ""coaster""}}}"
330,1453032,buy:vanity-chairs,live,Vanity Chairs,,,,/search/?q=vanity%20chairs&buyPageVariant1=true,nan,Generated using custom generation script,ERROR,"{""error"": {""type"": ""StructuredBrowsePagesError"", ""message"": ""Only structured browse pages found for provided search term."", ""uriRef"": ""/furniture/seating/side-chairs/""}}"
331,1455592,buy:taurus-charms,live,Taurus Charms,,,,/search/jewelry/?buyPageVariant1=true&q=taurus+charms,/jewelry/bracelets/charm-bracelets/,Generated using custom generation script,SUCCESS,
332,1473512,buy:huge-fish-bowls,live,Huge Fish Bowls,,,,/search/furniture/?buyPageVariant1=true&q=huge+fish+bowls,/furniture/decorative-objects/bowls-baskets/,Generated using custom generation script,SUCCESS,
333,1507562,buy:angel-skin,scheduled,Angel Skin,,,,/search/?buyPageVariant1=true&q=angel+skin,/jewelry/,Dynamic buy pages endpoint: Found probable duplicates! http://internal-mario-buyer-services-1695447112.us-east-1.elb.amazonaws.com/soa/query-builder/1/dynamicBuyPage?searchTerm=angel%20skin,SUCCESS,
334,1452522,buy:male-nudes,live,Male Nudes,,,,/search/?buyPageVariant1=true&q=male+nudes,/art/photography/nude-photography/,Generated using custom generation script,SUCCESS,
335,1469162,buy:blue-leather-books,live,Blue Leather Books,,,,/search/furniture/?buyPageVariant1=true&q=blue+leather+books,/furniture/more-furniture-collectibles/collectibles-curiosities/books/material/leather/?color=blue,Generated using custom generation script,SUCCESS,
336,1471722,buy:belt-with-golds,live,Belt With Golds,,,,/search/?buyPageVariant1=true&q=belt+with+golds,/fashion/accessories/belts/?color=gold,Generated using custom generation script,SUCCESS,
337,1454572,buy:japanese-wood-block-prints,live,Japanese Wood Block Prints,,,,/search/?buyPageVariant1=true&q=japanese+wood+block+prints,/art/prints-works-on-paper/origin/japanese/?material=wood,Generated using custom generation script,SUCCESS,
338,1455852,buy:chagall-etchings,live,Chagall Etchings,,,,/search/?buyPageVariant1=true&q=chagall+etchings,/creators/marc-chagall/art/?material=etching,Generated using custom generation script,SUCCESS,
339,1471212,buy:ysl-vintage-jewelry,live,Ysl Vintage Jewelry,,,,/search/?buyPageVariant1=true&q=ysl+vintage+jewelry,/furniture/more-furniture-collectibles/collectibles-curiosities/collectible-jewelry/?item-type=antique-vintage,Generated using custom generation script,SUCCESS,
340,1505772,buy:shamballa,scheduled,Shamballa,,,,/search/?buyPageVariant1=true&q=shamballa,nan,Dynamic buy pages endpoint,ERROR,"{""error"": {""type"": ""SearchTermError"", ""message"": ""The normalized search term is too short, it must contain two or more words."", ""searchTermData"": {""original"": ""shamballa"", ""normalized"": ""shamballa"", ""latinised"": ""shamballa""}}}"
341,242413,buy:cartier-eternity-rings,live,,,,,/search/?buyPageVariant1=true&q=cartier+eternity+rings,/creators/cartier/jewelry/rings/,,SUCCESS,
342,1515502,buy:flat-weave-runner,scheduled,Flat Weave Runner,,,,/search/furniture/?buyPageVariant1=true&q=flat+weave+runner,/furniture/rugs-carpets/,Dynamic buy pages endpoint: Found probable duplicates! http://internal-luigi-buyer-services-705204976.us-east-1.elb.amazonaws.com/soa/query-builder/1/dynamicBuyPage?searchTerm=flat%20weave%20runner,SUCCESS,
343,1452782,buy:botanical-prints,live,Botanical Prints,,,,/search/?buyPageVariant1=true&q=botanical+prints,/art/prints-works-on-paper/,Generated using custom generation script,SUCCESS,
344,1455342,buy:cowboy-boots,live,Cowboy Boots,,,,/search/?buyPageVariant1=true&q=cowboy+boots,/fashion/clothing/shoes/boots/,Generated using custom generation script,SUCCESS,
345,1471982,buy:black-ties,live,Black Ties,,,,/search/?q=black%20tie&buyPageVariant1=true,nan,Generated using custom generation script,ERROR,"{""error"": {""type"": ""StructuredBrowsePagesError"", ""message"": ""Only structured browse pages found for provided search term."", ""uriRef"": ""/fashion/accessories/ties/""}}"
346,1453552,buy:amber-beads,live,Amber Beads,,,,/search/?buyPageVariant1=true&q=amber+beads,/jewelry/stone-cut/bead/?stone=amber,Generated using custom generation script,SUCCESS,
347,1507312,buy:colored-chandelier,scheduled,Colored Chandelier/,,,,/search/?buyPageVariant1=true&q=colored+chandelier,/furniture/lighting/chandeliers-pendant-lights/,Dynamic buy pages endpoint,SUCCESS,
348,1453042,buy:bronze-sphinx-sculptures,live,Bronze Sphinx Sculptures,,,,/search/furniture/?buyPageVariant1=true&q=bronze+sphinx+sculptures,/furniture/decorative-objects/sculptures/material/bronze/,Generated using custom generation script,SUCCESS,
349,1454582,buy:stained-glass-for-churches,live,Stained Glass For Churches,,,,/search/?q=stained%20glass%20for%20churches,nan,Generated using custom generation script,ERROR,"{""error"": {""type"": ""ZeroResultsError"", ""message"": ""There are no items for provided search term.""}}"
350,1507832,buy:repeater,scheduled,Repeater,,,,/search/?buyPageVariant1=true&q=repeater,nan,Dynamic buy pages endpoint,ERROR,"{""error"": {""type"": ""SearchTermError"", ""message"": ""The normalized search term is too short, it must contain two or more words."", ""searchTermData"": {""original"": ""repeater"", ""normalized"": ""repeater"", ""latinised"": ""repeater""}}}"
351,1469432,buy:framed-wall-art,live,Framed Wall Art,,,,/search/furniture/?buyPageVariant1=true&q=framed+wall+art,/furniture/wall-decorations/decorative-art/,Generated using custom generation script,SUCCESS,
352,1475832,buy:scroll-boxes,live,Scroll Boxes,,,,/search/furniture/?buyPageVariant1=true&q=scroll+boxes,/furniture/decorative-objects/boxes/,Generated using custom generation script,SUCCESS,
353,1506042,buy:tiaras,scheduled,Tiaras,,,,/search/?buyPageVariant1=true&q=tiaras,nan,Dynamic buy pages endpoint: Found probable duplicates! http://internal-mario-buyer-services-1695447112.us-east-1.elb.amazonaws.com/soa/query-builder/1/dynamicBuyPage?searchTerm=tiaras,ERROR,"{""error"": {""type"": ""SearchTermError"", ""message"": ""The normalized search term is too short, it must contain two or more words."", ""searchTermData"": {""original"": ""tiaras"", ""normalized"": ""tiaras"", ""latinised"": ""tiaras""}}}"
354,1507322,buy:long-ruffle-skirt,scheduled,Long Ruffle Skirt/,,,,/search/fashion/?buyPageVariant1=true&q=long+ruffle+skirt%2F,nan,Dynamic buy pages endpoint,ERROR,"{""error"": {""type"": ""ZeroResultsError"", ""message"": ""There are no items for provided search term.""}}"
355,1508092,buy:store-counter,scheduled,Store Counter,,,,/search/furniture/?buyPageVariant1=true&q=store+counter,/furniture/,Dynamic buy pages endpoint: Found probable duplicates! http://internal-mario-buyer-services-1695447112.us-east-1.elb.amazonaws.com/soa/query-builder/1/dynamicBuyPage?searchTerm=store%20counter,SUCCESS,
356,1454332,buy:spin-ceramics,live,Spin Ceramics,,,,/search/furniture/?buyPageVariant1=true&q=spin+ceramics,/furniture/dining-entertaining/ceramics/,Generated using custom generation script,SUCCESS,
357,1472252,buy:bronze-horses,live,Bronze Horses,,,,/search/?buyPageVariant1=true&q=bronze+horses,/furniture/material/bronze/,Generated using custom generation script,SUCCESS,
358,1469182,buy:buddhas,live,Buddhas,,,,/search/?q=buddhas&buyPageVariant1=true,nan,Generated using custom generation script,ERROR,"{""error"": {""type"": ""SearchTermError"", ""message"": ""The normalized search term is too short, it must contain two or more words."", ""searchTermData"": {""original"": ""buddhas"", ""normalized"": ""buddhas"", ""latinised"": ""buddhas""}}}"
359,1475582,buy:william-morgan-vases,live,William Morgan Vases,,,,/search/furniture/?buyPageVariant1=true&q=william+morgan+vases,/furniture/decorative-objects/vases-vessels/,Generated using custom generation script,SUCCESS,
