"Level 1","Level 2","Level 3","Level 4","Level 5"
"material",,,,
"material","Metal",,,
"material","Metal","Iron",,
"material","Metal","Iron","Wrought Iron",
"material","Metal","Shakudo",,
"material","Metal","PVD-Coated",,
"material","Metal","Bronze",,
"material","Metal","Spelter",,
"material","Metal","Chrome",,
"material","Metal","Ormolu",,
"material","Metal","Rhodium",,
"material","Metal","Pinchbeck",,
"material","Metal","Mixed Metal",,
"material","Metal","Berlin Iron",,
"material","Metal","Gilt Metal",,
"material","Metal","Base Metal",,
"material","Metal","Brass",,
"material","Metal","Tôle",,
"material","Metal","Nickel",,
"material","Metal","Lead",,
"material","Metal","Copper",,
"material","Metal","Steel",,
"material","Metal","Steel","Cut Steel",
"material","Metal","Wire",,
"material","Metal","Sheet Metal",,
"material","Metal","Aluminum",,
"material","Metal","Enamel",,
"material","Metal","Platinum",,
"material","Metal","Foil",,
"material","Metal","Silver",,
"material","Metal","Silver","Martelé",
"material","Metal","Silver","Sheffield Plate",
"material","Metal","Silver","Silver Leaf",
"material","Metal","Silver","Britannia Standard Silver",
"material","Metal","Silver","Silver Plate",
"material","Metal","Silver","Sterling Silver",
"material","Metal","Silver","EPNS",
"material","Metal","Niello",,
"material","Metal","Stainless Steel",,
"material","Metal","Metallic Thread",,
"material","Metal","Tin",,
"material","Metal","Gold",,
"material","Metal","Gold","14k Gold",
"material","Metal","Gold","22k Gold",
"material","Metal","Gold","24k Gold",
"material","Metal","Gold","Gold-filled",
"material","Metal","Gold","Gold Leaf",
"material","Metal","Gold","Rose Gold",
"material","Metal","Gold","Vermeil",
"material","Metal","Gold","Gold Plate",
"material","Metal","Gold","Yellow Gold",
"material","Metal","Gold","9k Gold",
"material","Metal","Gold","10k Gold",
"material","Metal","Gold","White Gold",
"material","Metal","Gold","18k Gold",
"material","Metal","Gold","15k Gold",
"material","Metal","Pewter",,
"material","Metal","Magnets",,
"material","Metal","Zinc",,
"material","Metal","Palladium",,
"material","Metal","Titanium",,
"material","Metal","Other",,
"material","Adhesive",,,
"material","Adhesive","Tape",,
"material","Adhesive","Tape","Archival Tape",
"material","Adhesive","Glue",,
"material","Adhesive","Glue","Epoxy Glue",
"material","Film",,,
"material","Film","Photographic Film",,
"material","Film","Drafting Film",,
"material","Ceramic",,,
"material","Ceramic","Celadon",,
"material","Ceramic","Coade Stone",,
"material","Ceramic","Pottery",,
"material","Ceramic","Clay",,
"material","Ceramic","Clay","Brick",
"material","Ceramic","Clay","Slip",
"material","Ceramic","Porcelain",,
"material","Ceramic","Porcelain","Sèvres",
"material","Ceramic","Porcelain","Meissen",
"material","Ceramic","Earthenware",,
"material","Ceramic","Earthenware","Faience",
"material","Ceramic","Earthenware","Maiolica",
"material","Ceramic","Earthenware","Pearlware",
"material","Ceramic","Earthenware","Luster",
"material","Ceramic","Earthenware","Creamware",
"material","Ceramic","Earthenware","Delft",
"material","Ceramic","Earthenware","Majolica",
"material","Ceramic","Terracotta",,
"material","Ceramic","Stoneware",,
"material","Ceramic","Stoneware","Ironstone",
"material","Stone",,,
"material","Stone","Slate",,
"material","Stone","Amazonite",,
"material","Stone","Crystal",,
"material","Stone","Other",,
"material","Stone","Lava",,
"material","Stone","Hematite",,
"material","Stone","Moonstone",,
"material","Stone","Composition",,
"material","Stone","Tsavorite",,
"material","Stone","Carnelian",,
"material","Stone","Sapphire",,
"material","Stone","Sapphire","Pink Sapphire",
"material","Stone","Sapphire","Blue Sapphire",
"material","Stone","Sapphire","Yellow Sapphire",
"material","Stone","Sapphire","Green Sapphire",
"material","Stone","Sapphire","Star Sapphire",
"material","Stone","Opal",,
"material","Stone","Multi-gemstone",,
"material","Stone","Cast Stone",,
"material","Stone","Cast Stone","Concrete",
"material","Stone","Cast Stone","Cement",
"material","Stone","Chalcedony",,
"material","Stone","Coral",,
"material","Stone","Coral","Pink Coral",
"material","Stone","Limestone",,
"material","Stone","Limestone","Travertine",
"material","Stone","Soapstone",,
"material","Stone","Rubelite",,
"material","Stone","Beryl",,
"material","Stone","Porphyry",,
"material","Stone","Iolite",,
"material","Stone","Schist",,
"material","Stone","Tourmaline",,
"material","Stone","Alexandrite",,
"material","Stone","Chrysoberyl",,
"material","Stone","Rock Crystal",,
"material","Stone","Chrysophrase",,
"material","Stone","Peridot",,
"material","Stone","Amethyst",,
"material","Stone","Sandstone",,
"material","Stone","Sandstone","Bluestone",
"material","Stone","Onyx",,
"material","Stone","Alabaster",,
"material","Stone","Zircon",,
"material","Stone","Amber",,
"material","Stone","Spinel",,
"material","Stone","Pyrite",,
"material","Stone","Diamond",,
"material","Stone","Diamond","White Diamond",
"material","Stone","Diamond","Blue Diamond",
"material","Stone","Diamond","Yellow Diamond",
"material","Stone","Diamond","Pink Diamond",
"material","Stone","Diamond","Black Diamond",
"material","Stone","Diamond","Brown Diamond",
"material","Stone","Tiger's Eye",,
"material","Stone","Tanzanite",,
"material","Stone","Kunzite",,
"material","Stone","Pearl",,
"material","Stone","Pearl","South Sea Pearl",
"material","Stone","Pearl","Cultured Pearl",
"material","Stone","Pearl","Freshwater Pearl",
"material","Stone","Pearl","Black Pearl",
"material","Stone","Pearl","Natural Pearl",
"material","Stone","Pearl","Oriental Pearl",
"material","Stone","Serpentine",,
"material","Stone","Turquoise",,
"material","Stone","Turquoise","Turquoise Matrix",
"material","Stone","Lapis Lazuli",,
"material","Stone","Marble",,
"material","Stone","Marble","Siena Marble",
"material","Stone","Marble","Griotte Marble",
"material","Stone","Marble","Statuary Marble",
"material","Stone","Marble","Belgian Black Marble",
"material","Stone","Marble","Breccia Marble",
"material","Stone","Marble","Carrara Marble",
"material","Stone","Malachite",,
"material","Stone","Aquamarine",,
"material","Stone","Agate",,
"material","Stone","Garnet",,
"material","Stone","Citrine",,
"material","Stone","Morganite",,
"material","Stone","Emerald",,
"material","Stone","Topaz",,
"material","Stone","Ruby",,
"material","Stone","Granite",,
"material","Stone","Quartz",,
"material","Stone","Jade",,
"material","Stone","Monzonite",,
"material","Stone","Marcasite",,
"material","Stone","Labradorite",,
"material","Video",,,
"material","Chalk",,,
"material","Chalk","Conté",,
"material","Charcoal",,,
"material","Coating",,,
"material","Coating","Powder Coating",,
"material","Coating","Glaze",,
"material","Coating","Glaze","Tin Glaze",
"material","Coating","Glaze","Underglaze",
"material","Coating","Laminate",,
"material","Coating","Laminate","Formica",
"material","Coating","Acrylic Polymer",,
"material","Coating","Varnish",,
"material","Coffee",,,
"material","Crayon",,,
"material","Crayon","Oil Pastel",,
"material","Crayon","Pastel",,
"material","Crayon","Wax Crayon",,
"material","Crayon","Oil Crayon",,
"material","Crayon","Kaolin",,
"material","Dye",,,
"material","Emulsion",,,
"material","Found Objects",,,
"material","Glitter",,,
"material","Ink",,,
"material","Ink","Archival Ink",,
"material","Ink","Sumi Ink",,
"material","Ink","Printer's Ink",,
"material","Ink","India Ink",,
"material","Lights",,,
"material","Lights","LED Light",,
"material","Lights","Neon Light",,
"material","Lights","Laser Light",,
"material","Mixed Media",,,
"material","Mosaic",,,
"material","Panel",,,
"material","Panel","Wood Panel",,
"material","Board",,,
"material","Board","Cardboard",,
"material","Board","Fiberboard",,
"material","Board","Illustration Board",,
"material","Board","Foam Board",,
"material","Bone",,,
"material","Bone","Antler",,
"material","Bone","Horn",,
"material","Bone","Ivory",,
"material","Bone","Tortoise Shell",,
"material","Animal Skin",,,
"material","Animal Skin","Lambskin",,
"material","Animal Skin","Goatskin",,
"material","Animal Skin","Marine turtle",,
"material","Animal Skin","Fur",,
"material","Animal Skin","Suede",,
"material","Animal Skin","Lizard",,
"material","Animal Skin","Patent Leather",,
"material","Animal Skin","Sea turtle",,
"material","Animal Skin","Crocodile",,
"material","Animal Skin","Zebra Hide",,
"material","Animal Skin","Python",,
"material","Animal Skin","Hide",,
"material","Animal Skin","Alligator",,
"material","Animal Skin","Ostrich Leather",,
"material","Animal Skin","Cowhide",,
"material","Animal Skin","Sheepskin",,
"material","Animal Skin","Shagreen",,
"material","Animal Skin","Leather",,
"material","Papier Mâché",,,
"material","Pen",,,
"material","Pen","Gel Pen",,
"material","Pen","Ballpoint Pen",,
"material","Pen","Permanent Marker",,
"material","Pen","Felt Pen",,
"material","Shell",,,
"material","Shell","Abalone",,
"material","Shell","Eggshell",,
"material","Shell","Eggshell","Ostrich Eggshell",
"material","Shell","Mother-of-Pearl",,
"material","Pencil",,,
"material","Pencil","Carbon Pencil",,
"material","Pencil","Graphite",,
"material","Pencil","Color Pencil",,
"material","Pigment",,,
"material","Pigment","Asphaltum",,
"material","Pigment","Mica",,
"material","Pins",,,
"material","Black-and-white Print",,,
"material","C Print",,,
"material","Color Print",,,
"material","Dye Transfer Print",,,
"material","Digital Print",,,
"material","Digital Print","Laser Print",,
"material","Digital Print","Laser Print","Lambda Print",
"material","Digital Print","Inkjet Print",,
"material","Digital Print","Inkjet Print","Giclée Print",
"material","Gesso",,,
"material","Engraving",,,
"material","Engraving","Mezzotint",,
"material","Engraving","Drypoint",,
"material","Fabric",,,
"material","Fabric","Textile",,
"material","Fabric","Linen",,
"material","Fabric","Linen","Raw Linen",
"material","Fabric","Silk",,
"material","Fabric","Satin",,
"material","Fabric","Burlap",,
"material","Fabric","Burlap","Jute",
"material","Fabric","Velvet",,
"material","Fabric","Upholstery",,
"material","Fabric","Chenille",,
"material","Fabric","Twill",,
"material","Fabric","Korhogo Cloth",,
"material","Fabric","Grasscloth",,
"material","Fabric","Tapestry",,
"material","Fabric","Felt",,
"material","Fabric","Felt","Baize",
"material","Fabric","Bouclé",,
"material","Fabric","Wool",,
"material","Fabric","Wool","Alpaca",
"material","Fabric","Wool","Goat Hair",
"material","Fabric","Wool","Angora",
"material","Fabric","Wool","Mohair",
"material","Fabric","Wool","Kork",
"material","Fabric","Damask",,
"material","Fabric","Faux Leather",,
"material","Fabric","Faux Leather","Ultrasuede",
"material","Fabric","Faux Leather","Naugahyde",
"material","Fabric","Canvas",,
"material","Fabric","Canvas","Sailcloth",
"material","Fabric","Canvas","Cotton Canvas",
"material","Fabric","Cotton",,
"material","Fabric","Cotton","Calico",
"material","Fabric","Cotton","Muslin",
"material","Fabric","Faux Fur",,
"material","Fabric","Synthetic",,
"material","Fabric","Synthetic","Nylon",
"material","Fabric","Jacquard",,
"material","Fabric","Hemp",,
"material","Fabric","Brocade",,
"material","Etching",,,
"material","Etching","Aquatint",,
"material","Intaglio",,,
"material","Intaglio","Photogravure",,
"material","Lithograph",,,
"material","Lenticular",,,
"material","Linocut",,,
"material","Monoprint",,,
"material","Monotype",,,
"material","Offset Print",,,
"material","Photogram",,,
"material","Pigment Print",,,
"material","Pigment Print","Digital Pigment Print",,
"material","Pigment Print","Bromoil Print",,
"material","Pigment Print","Carbon Pigment Print",,
"material","Pigment Print","Archival Pigment Print",,
"material","Teeth",,,
"material","Pinhole",,,
"material","Platinum Print",,,
"material","Polaroid",,,
"material","Screen Print",,,
"material","Silver Gelatin Print",,,
"material","Woodcut Print",,,
"material","Putty",,,
"material","Soot",,,
"material","Stencil",,,
"material","Stretcher Bars",,,
"material","Tea",,,
"material","Other Medium",,,
"material","Bamboo",,,
"material","Bamboo","Faux Bamboo",,
"material","Cord",,,
"material","Cord","Thread",,
"material","Cord","Thread","Mesh",
"material","Cord","Yarn",,
"material","Cord","String",,
"material","Natural Fiber",,,
"material","Natural Fiber","Papercord",,
"material","Natural Fiber","Twine",,
"material","Natural Fiber","Rush",,
"material","Natural Fiber","Rattan",,
"material","Natural Fiber","Seagrass",,
"material","Natural Fiber","Twig",,
"material","Natural Fiber","Reed",,
"material","Natural Fiber","Raffia",,
"material","Natural Fiber","Straw",,
"material","Natural Fiber","Cane",,
"material","Natural Fiber","Rope",,
"material","Natural Fiber","Wicker",,
"material","Glass",,,
"material","Glass","Blown Glass",,
"material","Glass","Reeded Glass",,
"material","Glass","Stained Glass",,
"material","Glass","Optical Glass",,
"material","Glass","Mirror",,
"material","Glass","Milk Glass",,
"material","Glass","Uranium Glass",,
"material","Glass","Mercury Glass",,
"material","Glass","Opaline Glass",,
"material","Glass","Vitrolite",,
"material","Glass","Plate Glass",,
"material","Glass","Smoked Glass",,
"material","Glass","Art Glass",,
"material","Glass","Murrine",,
"material","Glass","Cut Glass",,
"material","Glass","Murano Glass",,
"material","Glass","Murano Glass","Sommerso",
"material","Glass","Slag Glass",,
"material","Organic Material",,,
"material","Organic Material","Resin",,
"material","Organic Material","Resin","Epoxy Resin",
"material","Organic Material","Wax",,
"material","Organic Material","Tar",,
"material","Plastic",,,
"material","Plastic","Altuglas",,
"material","Plastic","Polyester",,
"material","Plastic","Acrylic",,
"material","Plastic","Polyurethane",,
"material","Plastic","Bakelite",,
"material","Plastic","ABS",,
"material","Plastic","Fiberglass",,
"material","Plastic","Foam",,
"material","Plastic","Bubble Wrap",,
"material","Plastic","Polystyrene",,
"material","Plastic","Latex",,
"material","Plastic","Polymer",,
"material","Plastic","PVC",,
"material","Plastic","Rubber",,
"material","Plastic","Plexiglass",,
"material","Plastic","Mylar",,
"material","Plastic","Talosel",,
"material","Plastic","Lucite",,
"material","Plastic","Rhodoid",,
"material","Plastic","Silicone",,
"material","Precious Stone",,,
"material","Precious Stone","Paste",,
"material","Precious Stone","Rose Quartz",,
"material","Plaster",,,
"material","Plaster","Stucco",,
"material","Plaster","Scagliola",,
"material","Plaster","Terrazzo",,
"material","Wood",,,
"material","Wood","Driftwood",,
"material","Wood","Birch",,
"material","Wood","Giltwood",,
"material","Wood","Masonite",,
"material","Wood","Palmwood",,
"material","Wood","Oak",,
"material","Wood","Rosewood",,
"material","Wood","Holly",,
"material","Wood","Bentwood",,
"material","Wood","Hardwood",,
"material","Wood","Hardwood","Zitan",
"material","Wood","Hardwood","Macassar",
"material","Wood","Hardwood","Paldao",
"material","Wood","Hardwood","Palisander",
"material","Wood","Hardwood","Padouk",
"material","Wood","Hardwood","Bubinga",
"material","Wood","Hardwood","Pearwood",
"material","Wood","Hardwood","Willow",
"material","Wood","Hardwood","Ziricote",
"material","Wood","Hardwood","Satinwood",
"material","Wood","Hardwood","Zebra Wood",
"material","Wood","Hardwood","Kingwood",
"material","Wood","Hardwood","Wenge",
"material","Wood","Hardwood","Fruitwood",
"material","Wood","Hardwood","Nutwood",
"material","Wood","Hardwood","Katalox",
"material","Wood","Hardwood","Cocobolo",
"material","Wood","Hardwood","Imbuia",
"material","Wood","Hardwood","Teak",
"material","Wood","Hardwood","Tulipwood",
"material","Wood","Hardwood","Jacaranda",
"material","Wood","Hardwood","Cherry",
"material","Wood","Hardwood","Ash",
"material","Wood","Hardwood","Elm",
"material","Wood","Hardwood","Beech",
"material","Wood","Hardwood","Purpleheart",
"material","Wood","Hardwood","Hickory",
"material","Wood","Hardwood","Birdseye Maple",
"material","Wood","Hardwood","Sandalwood",
"material","Wood","Hardwood","Chestnut",
"material","Wood","Hardwood","Olive",
"material","Wood","Hardwood","Sycamore",
"material","Wood","Hardwood","Boxwood",
"material","Wood","Hardwood","Granadillo",
"material","Wood","Hardwood","Machiche",
"material","Wood","Ebony",,
"material","Wood","Harewood",,
"material","Wood","Mahogany",,
"material","Wood","Coconut",,
"material","Wood","Bog Wood",,
"material","Wood","Plywood",,
"material","Wood","Maple",,
"material","Wood","Scrap Wood",,
"material","Wood","Poplar",,
"material","Wood","Reclaimed Wood",,
"material","Wood","Softwood",,
"material","Wood","Softwood","Yew",
"material","Wood","Softwood","Fir",
"material","Wood","Softwood","Spruce",
"material","Wood","Softwood","Pine",
"material","Wood","Softwood","Cypress",
"material","Wood","Petrified Wood",,
"material","Wood","Burl",,
"material","Wood","Burl","Amboyna",
"material","Wood","Walnut",,
"material","Wood","Cedar",,
"material","Wood","Cork",,
"material","Down",,,
"material","Lacquer",,,
"material","Paint",,,
"material","Paint","Tempera",,
"material","Paint","Tempera","Egg Tempera",
"material","Paint","Tempera","Casein Paint",
"material","Paint","Synthetic Resin Paint",,
"material","Paint","Synthetic Resin Paint","Acrylic Paint",
"material","Paint","Synthetic Resin Paint","Vinyl Paint",
"material","Paint","Synthetic Resin Paint","Polymer Paint",
"material","Paint","Synthetic Resin Paint","Alkyd Paint",
"material","Paint","Spray Paint",,
"material","Paint","Watercolor",,
"material","Paint","Watercolor","Gouache",
"material","Paint","House Paint",,
"material","Paint","Encaustic Paint",,
"material","Paint","Latex Paint",,
"material","Paint","Automotive Paint",,
"material","Paint","Oil Paint",,
"material","Paper",,,
"material","Paper","Photographic Paper",,
"material","Paper","Laid Paper",,
"material","Paper","Vellum",,
"material","Paper","Archival Paper",,
"material","Paper","Synthetic Paper",,
"material","Paper","Magazine Paper",,
"material","Paper","Postcard",,
"material","Paper","Satin Paper",,
"material","Paper","Rag Paper",,
"material","Paper","Parchment Paper",,
"material","Paper","Newsprint",,
"material","Paper","Tissue Paper",,
"material","Paper","Handmade Paper",,
"material","Paper","Handmade Paper","Rice Paper",
"material","Paper","Handmade Paper","Mulberry Paper",
"material","Paper","Handmade Paper","Bamboo Paper",
"material","Paper","Handmade Paper","Washi Paper",
"material","Trimming",,,
"material","Trimming","Braid",,
"material","Trimming","Feathers",,
"material","Trimming","Sequins",,
"material","Trimming","Beads",,
"material","Trimming","Ribbon",,
"style",,,,
"style","Tonalist",,,
"style","Young British Artists (YBA)",,,
"style","Adam Style",,,
"style","Adirondack",,,
"style","Aesthetic Movement",,,
"style","American Colonial",,,
"style","American Empire",,,
"style","American Craftsman",,,
"style","Schoolhouse",,,
"style","Anglo-Japanese",,,
"style","Anglo-Indian",,,
"style","Anglo-Indian","Anglo Raj",,
"style","Archaistic",,,
"style","Art Deco",,,
"style","Art Nouveau",,,
"style","Art Nouveau","Jugendstil",,
"style","Arts and Crafts",,,
"style","Balkan",,,
"style","Baltic",,,
"style","Barbizon School",,,
"style","Baroque",,,
"style","Baroque","Mannerist",,
"style","Bauhaus",,,
"style","Beaux Arts",,,
"style","Belle Époque",,,
"style","Biedermeier",,,
"style","Black Forest",,,
"style","Bohemian",,,
"style","British Colonial",,,
"style","Brutalist",,,
"style","Campaign",,,
"style","Charles II",,,
"style","Charles X",,,
"style","Chesterfield",,,
"style","Chinese Chippendale",,,
"style","Chinese Export",,,
"style","Chinoiserie",,,
"style","Chippendale",,,
"style","Classical Greek",,,
"style","Classical Roman",,,
"style","De Stijl",,,
"style","Directoire",,,
"style","Dutch Colonial",,,
"style","Eastlake",,,
"style","Edo",,,
"style","Edwardian",,,
"style","Egyptian",,,
"style","Empire",,,
"style","Expressionist",,,
"style","Expressionist","Vienna Secession",,
"style","Expressionist","Blue Rider",,
"style","Expressionist","Brücke",,
"style","Federal",,,
"style","Folk Art",,,
"style","Folk Art","Outsider Art",,
"style","French Provincial",,,
"style","Revival",,,
"style","Revival","Renaissance Revival",,
"style","Revival","Holbeinesque",,
"style","Revival","Russian Revival",,
"style","Revival","Colonial Revival",,
"style","Revival","Egyptian Revival",,
"style","Revival","Etruscan Revival",,
"style","Revival","Empire Revival",,
"style","Revival","Neoclassical Revival",,
"style","Revival","Regency Revival",,
"style","Revival","Baroque Revival",,
"style","Revival","Greek Revival",,
"style","Revival","Gothic Revival",,
"style","Revival","Rococo Revival",,
"style","Futurist",,,
"style","Georgian",,,
"style","Georgian","George III",,
"style","Georgian","George V",,
"style","Georgian","George IV",,
"style","Georgian","George I",,
"style","Georgian","George II",,
"style","Grand Tour",,,
"style","Greco Roman",,,
"style","Gustavian",,,
"style","Han",,,
"style","Hellenistic",,,
"style","Hepplewhite",,,
"style","Hollywood Regency",,,
"style","Industrial",,,
"style","International Style",,,
"style","Islamic",,,
"style","Jacobean",,,
"style","James II",,,
"style","Japonisme",,,
"style","Karl Johan",,,
"style","Kinetic",,,
"style","Louis Philippe",,,
"style","Louis XIII",,,
"style","Louis XIV",,,
"style","Louis XV",,,
"style","Louis XVI",,,
"style","Machine Age",,,
"style","Medieval",,,
"style","Medieval","Gothic",,
"style","Medieval","Byzantine",,
"style","Meiji",,,
"style","Mid-Century Modern",,,
"style","Ming",,,
"style","Minimalist",,,
"style","Mission",,,
"style","Modern",,,
"style","Modern","American Modern",,
"style","Moorish",,,
"style","Napoleon III",,,
"style","Native American",,,
"style","Native American","Navajo",,
"style","Neoclassical",,,
"style","Neoclassical","American Classical",,
"style","Organic Modern",,,
"style","Palladian",,,
"style","Post-Modern",,,
"style","Pre-Columbian",,,
"style","Prehistoric",,,
"style","Primitive",,,
"style","Prairie School",,,
"style","Pre-Raphaelite",,,
"style","Country",,,
"style","Qing",,,
"style","Queen Anne",,,
"style","Rancho Monterey",,,
"style","Régence",,,
"style","Regency",,,
"style","Renaissance",,,
"style","Renaissance","Northern Renaissance",,
"style","Restauration",,,
"style","Rococo",,,
"style","Romantic",,,
"style","Rustic",,,
"style","Scandinavian Modern",,,
"style","Shaker",,,
"style","Sheraton",,,
"style","Showa",,,
"style","Space Age",,,
"style","Spanish Colonial",,,
"style","Sporting Art",,,
"style","Steampunk",,,
"style","Streamlined Moderne",,,
"style","Taisho",,,
"style","Tang",,,
"style","Tibetan",,,
"style","Tribal",,,
"style","Tudor",,,
"style","Tudor","Elizabethan",,
"style","Other",,,
"style","Victorian",,,
"style","Victorian","High Victorian",,
"style","Victorian","Early Victorian",,
"style","Victorian","Late Victorian",,
"style","William and Mary",,,
"style","William IV",,,
"style","Agra",,,
"style","Aubusson",,,
"style","Bakshaish",,,
"style","Bessarabian",,,
"style","Heriz Serapi",,,
"style","Kashan",,,
"style","Kazak",,,
"style","Khorassan",,,
"style","Khotan",,,
"style","Kilim",,,
"style","Kirman",,,
"style","Malayer",,,
"style","Oushak",,,
"style","Sarouk Farahan",,,
"style","Serapi",,,
"style","Sultanabad",,,
"style","Sumak",,,
"style","Suzani",,,
"style","Tabriz",,,
"style","Tulu",,,
"style","Artisan",,,
"style","Artist",,,
"style","Civil War",,,
"style","Contemporary",,,
"style","Gilded Age",,,
"style","Modernist",,,
"style","Post-War",,,
"style","Reconstruction Era",,,
"style","Retro",,,
"style","Russian Empire",,,
"style","Stuart",,,
"style","85 New Wave",,,
"style","Abstract",,,
"style","Abstract","Abstract Expressionist",,
"style","Abstract","Abstract Geometric",,
"style","Abstract","Hard-Edge",,
"style","Abstract","Abstract Impressionist",,
"style","Op Art",,,
"style","Academic",,,
"style","American Realist",,,
"style","Arte Povera",,,
"style","Ashcan School",,,
"style","Assemblage",,,
"style","Color-Field",,,
"style","Conceptual",,,
"style","Constructivist",,,
"style","Cubist",,,
"style","Cubist","Orphist",,
"style","Cubist","Synthetic Cubist",,
"style","Cubist","Analytic Cubist",,
"style","Dada",,,
"style","Feminist",,,
"style","Hudson River School",,,
"style","Impressionist",,,
"style","Impressionist","American Impressionist",,
"style","Joseon",,,
"style","Land",,,
"style","Naturalistic",,,
"style","Neo-Constructivist",,,
"style","Neo-Expressionist",,,
"style","New Media",,,
"style","Old Masters",,,
"style","Other Art Style",,,
"style","Performance",,,
"style","Photorealist",,,
"style","Pop Art",,,
"style","Post-Impressionist",,,
"style","Post-Impressionist","Primitivism",,
"style","Post-Impressionist","Pointillist",,
"style","Post-Impressionist","Fauvist",,
"style","Post-Minimalist",,,
"style","Rajput",,,
"style","Realist",,,
"style","Street Art",,,
"style","Suprematist",,,
"style","Surrealist",,,
"style","Symbolist",,,
"style_of",,,,
"style_of","In the style of",,,
"style_of","Of the period",,,
"period",,,,
"period","18th Century and Earlier",,,
"period","18th Century and Earlier","17th Century",,
"period","18th Century and Earlier","17th Century","Late 17th Century",
"period","18th Century and Earlier","17th Century","Late 17th Century","1680-1689"
"period","18th Century and Earlier","17th Century","Late 17th Century","1670-1679"
"period","18th Century and Earlier","17th Century","Late 17th Century","1690-1699"
"period","18th Century and Earlier","17th Century","Early 17th Century",
"period","18th Century and Earlier","17th Century","Early 17th Century","1600-1609"
"period","18th Century and Earlier","17th Century","Early 17th Century","1610-1619"
"period","18th Century and Earlier","17th Century","Early 17th Century","1620-1629"
"period","18th Century and Earlier","17th Century","Mid-17th Century",
"period","18th Century and Earlier","17th Century","Mid-17th Century","1640-1649"
"period","18th Century and Earlier","17th Century","Mid-17th Century","1650-1659"
"period","18th Century and Earlier","17th Century","Mid-17th Century","1660-1669"
"period","18th Century and Earlier","17th Century","Mid-17th Century","1630-1639"
"period","18th Century and Earlier","16th Century",,
"period","18th Century and Earlier","18th Century",,
"period","18th Century and Earlier","18th Century","Late 18th Century",
"period","18th Century and Earlier","18th Century","Late 18th Century","1780-1789"
"period","18th Century and Earlier","18th Century","Late 18th Century","1770-1779"
"period","18th Century and Earlier","18th Century","Late 18th Century","1790-1799"
"period","18th Century and Earlier","18th Century","Mid-18th Century",
"period","18th Century and Earlier","18th Century","Mid-18th Century","1760-1769"
"period","18th Century and Earlier","18th Century","Mid-18th Century","1740-1749"
"period","18th Century and Earlier","18th Century","Mid-18th Century","1750-1759"
"period","18th Century and Earlier","18th Century","Mid-18th Century","1730-1739"
"period","18th Century and Earlier","18th Century","Early 18th Century",
"period","18th Century and Earlier","18th Century","Early 18th Century","1720-1729"
"period","18th Century and Earlier","18th Century","Early 18th Century","1710-1719"
"period","18th Century and Earlier","18th Century","Early 18th Century","1700-1709"
"period","18th Century and Earlier","15th Century and Earlier",,
"period","19th Century",,,
"period","19th Century","Mid-19th Century",,
"period","19th Century","Mid-19th Century","1830-1839",
"period","19th Century","Mid-19th Century","1840-1849",
"period","19th Century","Mid-19th Century","1850-1859",
"period","19th Century","Mid-19th Century","1860-1869",
"period","19th Century","Late 19th Century",,
"period","19th Century","Late 19th Century","1870-1879",
"period","19th Century","Late 19th Century","1890-1899",
"period","19th Century","Late 19th Century","1880-1889",
"period","19th Century","Early 19th Century",,
"period","19th Century","Early 19th Century","1810-1819",
"period","19th Century","Early 19th Century","1800-1809",
"period","19th Century","Early 19th Century","1820-1829",
"period","20th Century",,,
"period","20th Century","Mid-20th Century",,
"period","20th Century","Mid-20th Century","1940-1949",
"period","20th Century","Mid-20th Century","1950-1959",
"period","20th Century","Mid-20th Century","1960-1969",
"period","20th Century","Mid-20th Century","1930-1939",
"period","20th Century","Late 20th Century",,
"period","20th Century","Late 20th Century","1970-1979",
"period","20th Century","Late 20th Century","1990-1999",
"period","20th Century","Late 20th Century","1980-1989",
"period","20th Century","Early 20th Century",,
"period","20th Century","Early 20th Century","1910-1919",
"period","20th Century","Early 20th Century","1920-1929",
"period","20th Century","Early 20th Century","1900-1909",
"period","21st Century",,,
"period","21st Century","2010-",,
"period","21st Century","2000-2009",,
"origin",,,,
"origin","Africa",,,
"origin","Africa","Sub-Saharan Africa",,
"origin","Africa","Sub-Saharan Africa","Senegal",
"origin","Africa","Sub-Saharan Africa","Ethiopia",
"origin","Africa","Sub-Saharan Africa","Cape Verde",
"origin","Africa","Sub-Saharan Africa","Guinea",
"origin","Africa","Sub-Saharan Africa","Sierra Leone",
"origin","Africa","Sub-Saharan Africa","Burkina Faso",
"origin","Africa","Sub-Saharan Africa","Botswana",
"origin","Africa","Sub-Saharan Africa","Tanzania",
"origin","Africa","Sub-Saharan Africa","Tanzania","Zanzibar"
"origin","Africa","Sub-Saharan Africa","South Sudan",
"origin","Africa","Sub-Saharan Africa","Rwanda",
"origin","Africa","Sub-Saharan Africa","Eritrea",
"origin","Africa","Sub-Saharan Africa","Congo",
"origin","Africa","Sub-Saharan Africa","Zimbabwe",
"origin","Africa","Sub-Saharan Africa","Mayotte",
"origin","Africa","Sub-Saharan Africa","Mozambique",
"origin","Africa","Sub-Saharan Africa","Angola",
"origin","Africa","Sub-Saharan Africa","Malawi",
"origin","Africa","Sub-Saharan Africa","South Africa",
"origin","Africa","Sub-Saharan Africa","Nigeria",
"origin","Africa","Sub-Saharan Africa","Saint Helena, Ascension and Tristan da Cunha",
"origin","Africa","Sub-Saharan Africa","Central African Republic",
"origin","Africa","Sub-Saharan Africa","Comoros",
"origin","Africa","Sub-Saharan Africa","Guinea-Bissau",
"origin","Africa","Sub-Saharan Africa","Cote d'Ivoire",
"origin","Africa","Sub-Saharan Africa","Mauritania",
"origin","Africa","Sub-Saharan Africa","Ghana",
"origin","Africa","Sub-Saharan Africa","Benin",
"origin","Africa","Sub-Saharan Africa","Equatorial Guinea",
"origin","Africa","Sub-Saharan Africa","São Tomé and Príncipe",
"origin","Africa","Sub-Saharan Africa","Cameroon",
"origin","Africa","Sub-Saharan Africa","Congo, Democratic Republic of the",
"origin","Africa","Sub-Saharan Africa","Djibouti",
"origin","Africa","Sub-Saharan Africa","Niger",
"origin","Africa","Sub-Saharan Africa","Mali",
"origin","Africa","Sub-Saharan Africa","Mauritius",
"origin","Africa","Sub-Saharan Africa","Lesotho",
"origin","Africa","Sub-Saharan Africa","Madagascar",
"origin","Africa","Sub-Saharan Africa","Gambia",
"origin","Africa","Sub-Saharan Africa","Somalia",
"origin","Africa","Sub-Saharan Africa","Swaziland",
"origin","Africa","Sub-Saharan Africa","Zambia",
"origin","Africa","Sub-Saharan Africa","Reunion",
"origin","Africa","Sub-Saharan Africa","Seychelles",
"origin","Africa","Sub-Saharan Africa","Togo",
"origin","Africa","Sub-Saharan Africa","Chad",
"origin","Africa","Sub-Saharan Africa","Burundi",
"origin","Africa","Sub-Saharan Africa","Liberia",
"origin","Africa","Sub-Saharan Africa","Kenya",
"origin","Africa","Sub-Saharan Africa","Uganda",
"origin","Africa","Sub-Saharan Africa","Namibia",
"origin","Africa","Sub-Saharan Africa","Gabon",
"origin","Africa","North Africa",,
"origin","Africa","North Africa","Egypt",
"origin","Africa","North Africa","Sudan",
"origin","Africa","North Africa","Maghreb",
"origin","Africa","North Africa","Maghreb","Western Sahara"
"origin","Africa","North Africa","Maghreb","Algeria"
"origin","Africa","North Africa","Maghreb","Morocco"
"origin","Africa","North Africa","Maghreb","Tunisia"
"origin","Africa","North Africa","Maghreb","Libya"
"origin","Antarctica",,,
"origin","Antarctica","French Southern Territories",,
"origin","Antarctica","Bouvet Island",,
"origin","Asia",,,
"origin","Asia","Southeast Asia",,
"origin","Asia","Southeast Asia","Vietnam",
"origin","Asia","Southeast Asia","Indonesia",
"origin","Asia","Southeast Asia","Indonesia","Bali"
"origin","Asia","Southeast Asia","Indonesia","Java"
"origin","Asia","Southeast Asia","Philippines",
"origin","Asia","Southeast Asia","Singapore",
"origin","Asia","Southeast Asia","Timor-Leste",
"origin","Asia","Southeast Asia","Malaysia",
"origin","Asia","Southeast Asia","Lao, People's Democratic Republic",
"origin","Asia","Southeast Asia","Thailand",
"origin","Asia","Southeast Asia","Myanmar",
"origin","Asia","Southeast Asia","Brunei Darussalam",
"origin","Asia","Southeast Asia","Cambodia",
"origin","Asia","South Asia",,
"origin","Asia","South Asia","Bangladesh",
"origin","Asia","South Asia","Nepal",
"origin","Asia","South Asia","Sri Lanka",
"origin","Asia","South Asia","Bhutan",
"origin","Asia","South Asia","Pakistan",
"origin","Asia","South Asia","British Indian Ocean Territory",
"origin","Asia","South Asia","India",
"origin","Asia","South Asia","Maldives",
"origin","Asia","West Asia",,
"origin","Asia","West Asia","Iran",
"origin","Asia","West Asia","Caucasus",
"origin","Asia","West Asia","Caucasus","Russia"
"origin","Asia","West Asia","Caucasus","Azerbaijan"
"origin","Asia","West Asia","Caucasus","Turkey"
"origin","Asia","West Asia","Caucasus","Georgia"
"origin","Asia","West Asia","Caucasus","Armenia"
"origin","Asia","West Asia","Cyprus",
"origin","Asia","West Asia","Palestinian Territory, Occupied",
"origin","Asia","West Asia","Qatar",
"origin","Asia","West Asia","Lebanon",
"origin","Asia","West Asia","Jordan",
"origin","Asia","West Asia","Iraq",
"origin","Asia","West Asia","Israel",
"origin","Asia","West Asia","Yemen",
"origin","Asia","West Asia","Oman",
"origin","Asia","West Asia","Bahrain",
"origin","Asia","West Asia","Saudi Arabia",
"origin","Asia","West Asia","United Arab Emirates",
"origin","Asia","West Asia","Syria",
"origin","Asia","West Asia","Kuwait",
"origin","Asia","Central Asia",,
"origin","Asia","Central Asia","Kazakhstan",
"origin","Asia","Central Asia","Turkestan",
"origin","Asia","Central Asia","Turkestan","Turkmenistan"
"origin","Asia","Central Asia","Turkestan","Uzbekistan"
"origin","Asia","Central Asia","Turkestan","Tajikistan"
"origin","Asia","Central Asia","Turkestan","Kyrgyzstan"
"origin","Asia","Central Asia","Afghanistan",
"origin","Asia","East Asia",,
"origin","Asia","East Asia","Korea",
"origin","Asia","East Asia","Korea","Korea, Republic of"
"origin","Asia","East Asia","Korea","Korea, Democratic People's Republic of"
"origin","Asia","East Asia","Taiwan",
"origin","Asia","East Asia","China",
"origin","Asia","East Asia","China","East Turkestan"
"origin","Asia","East Asia","Hong Kong",
"origin","Asia","East Asia","Japan",
"origin","Asia","East Asia","Mongolia",
"origin","Asia","East Asia","Macao",
"origin","Asia","East Asia","Tibet",
"origin","Europe",,,
"origin","Europe","Switzerland",,
"origin","Europe","Slovakia",,
"origin","Europe","Scandinavia",,
"origin","Europe","Scandinavia","Norway",
"origin","Europe","Scandinavia","Sweden",
"origin","Europe","Scandinavia","Faroe Islands",
"origin","Europe","Scandinavia","Denmark",
"origin","Europe","Scandinavia","Svalbard and Jan Mayen",
"origin","Europe","Malta",,
"origin","Europe","San Marino",,
"origin","Europe","Belgium",,
"origin","Europe","Holy See (Vatican City State)",,
"origin","Europe","Liechtenstein",,
"origin","Europe","Spain",,
"origin","Europe","Portugal",,
"origin","Europe","Monaco",,
"origin","Europe","Andorra",,
"origin","Europe","Finland",,
"origin","Europe","Greenland",,
"origin","Europe","Czech Republic",,
"origin","Europe","United Kingdom",,
"origin","Europe","United Kingdom","Wales",
"origin","Europe","United Kingdom","England",
"origin","Europe","United Kingdom","Ireland, Northern",
"origin","Europe","United Kingdom","Scotland",
"origin","Europe","Italy",,
"origin","Europe","Italy","Sicily",
"origin","Europe","Iceland",,
"origin","Europe","Poland",,
"origin","Europe","Austria",,
"origin","Europe","Luxembourg",,
"origin","Europe","Baltic States",,
"origin","Europe","Baltic States","Estonia",
"origin","Europe","Baltic States","Lithuania",
"origin","Europe","Baltic States","Latvia",
"origin","Europe","Gibraltar",,
"origin","Europe","Ireland, Republic of",,
"origin","Europe","Germany",,
"origin","Europe","Netherlands",,
"origin","Europe","France",,
"origin","Europe","France","Corsica",
"origin","Europe","Hungary",,
"origin","Europe","Balkan Peninsula",,
"origin","Europe","Balkan Peninsula","Greece",
"origin","Europe","Balkan Peninsula","Serbia",
"origin","Europe","Balkan Peninsula","Croatia",
"origin","Europe","Balkan Peninsula","Slovenia",
"origin","Europe","Balkan Peninsula","Bosnia and Herzegovina",
"origin","Europe","Balkan Peninsula","Albania",
"origin","Europe","Balkan Peninsula","Montenegro",
"origin","Europe","Balkan Peninsula","Bulgaria",
"origin","Europe","Balkan Peninsula","Moldova",
"origin","Europe","Romania",,
"origin","Europe","Belarus",,
"origin","Europe","Macedonia, the former Yugoslav Republic of",,
"origin","Europe","Ukraine",,
"origin","North America",,,
"origin","North America","Canada",,
"origin","North America","Mexico",,
"origin","North America","Saint Pierre and Miquelon",,
"origin","North America","United States",,
"origin","Central America",,,
"origin","Central America","Panama",,
"origin","Central America","Costa Rica",,
"origin","Central America","Guatemala",,
"origin","Central America","Honduras",,
"origin","Central America","Belize",,
"origin","Central America","Nicaragua",,
"origin","Central America","Caribbean",,
"origin","Central America","Caribbean","Anguilla",
"origin","Central America","Caribbean","Dominica",
"origin","Central America","Caribbean","Saint Vincent and the Grenadines",
"origin","Central America","Caribbean","Antigua and Barbuda",
"origin","Central America","Caribbean","Dominican Republic",
"origin","Central America","Caribbean","Martinique",
"origin","Central America","Caribbean","Bermuda",
"origin","Central America","Caribbean","Cuba",
"origin","Central America","Caribbean","Cayman Islands",
"origin","Central America","Caribbean","Grenada",
"origin","Central America","Caribbean","Montserrat",
"origin","Central America","Caribbean","Aruba",
"origin","Central America","Caribbean","Saint Kitts and Nevis",
"origin","Central America","Caribbean","Guadeloupe",
"origin","Central America","Caribbean","Saint Lucia",
"origin","Central America","Caribbean","Bahamas",
"origin","Central America","Caribbean","Barbados",
"origin","Central America","Caribbean","Turks and Caicos Islands",
"origin","Central America","Caribbean","Virgin Islands, British",
"origin","Central America","Caribbean","Netherlands Antilles",
"origin","Central America","Caribbean","Jamaica",
"origin","Central America","Caribbean","Virgin Islands, United States",
"origin","Central America","Caribbean","Haiti",
"origin","Central America","Caribbean","Puerto Rico",
"origin","Central America","Caribbean","Trinidad and Tobago",
"origin","Central America","El Salvador",,
"origin","South America",,,
"origin","South America","South Georgia and South Sandwich Islands",,
"origin","South America","Peru",,
"origin","South America","Colombia",,
"origin","South America","Suriname",,
"origin","South America","Guyana",,
"origin","South America","Paraguay",,
"origin","South America","Argentina",,
"origin","South America","Ecuador",,
"origin","South America","Brazil",,
"origin","South America","Bolivia",,
"origin","South America","Venezuela",,
"origin","South America","French Guiana",,
"origin","South America","Chile",,
"origin","South America","Uruguay",,
"origin","South America","Falkland Islands (Islas Malvinas)",,
"origin","Oceania",,,
"origin","Oceania","New Zealand",,
"origin","Oceania","Pacific Islands",,
"origin","Oceania","Pacific Islands","Norfolk Island",
"origin","Oceania","Pacific Islands","Niue",
"origin","Oceania","Pacific Islands","New Caledonia",
"origin","Oceania","Pacific Islands","Vanuatu",
"origin","Oceania","Pacific Islands","Cook Islands",
"origin","Oceania","Pacific Islands","United States Minor Outlying Islands",
"origin","Oceania","Pacific Islands","Christmas Island",
"origin","Oceania","Pacific Islands","Tonga",
"origin","Oceania","Pacific Islands","Solomon Islands",
"origin","Oceania","Pacific Islands","Heard Island and McDonald Islands",
"origin","Oceania","Pacific Islands","Nauru",
"origin","Oceania","Pacific Islands","Pitcairn Islands",
"origin","Oceania","Pacific Islands","Samoa",
"origin","Oceania","Pacific Islands","Tokelau",
"origin","Oceania","Pacific Islands","Kiribati",
"origin","Oceania","Pacific Islands","Northern Mariana Islands",
"origin","Oceania","Pacific Islands","Guam",
"origin","Oceania","Pacific Islands","French Polynesia",
"origin","Oceania","Pacific Islands","Wallis and Futuna",
"origin","Oceania","Pacific Islands","Micronesia, Federated States of",
"origin","Oceania","Pacific Islands","Papua New Guinea",
"origin","Oceania","Pacific Islands","Palau",
"origin","Oceania","Pacific Islands","Hawaiian Islands",
"origin","Oceania","Pacific Islands","Fiji",
"origin","Oceania","Pacific Islands","Tuvalu",
"origin","Oceania","Pacific Islands","Cocos (Keeling) Islands",
"origin","Oceania","Pacific Islands","American Samoa",
"origin","Oceania","Pacific Islands","Marshall Islands",
"origin","Oceania","Australia",,
"origin","Unknown",,,
"technique",,,,
"technique","Découpage",,,
"technique","Dyed",,,
"technique","Dyed","Kalamkari",,
"technique","Dyed","Vegetable Dyed",,
"technique","Dyed","Ikat",,
"technique","Dyed","Batik",,
"technique","Ebonized",,,
"technique","Embossed",,,
"technique","Enameled",,,
"technique","Enameled","Cloissoné",,
"technique","Enameled","Champlevé",,
"technique","Etched",,,
"technique","Etched","Frosted",,
"technique","Faceted",,,
"technique","Faux Bois",,,
"technique","Fired",,,
"technique","Forged",,,
"technique","Galvanized",,,
"technique","Gilt",,,
"technique","Glazed",,,
"technique","Hammered",,,
"technique","Hand-Crafted",,,
"technique","Inlay",,,
"technique","Inlay","Niello",,
"technique","Inlay","Parquetry",,
"technique","Inlay","Mosaic",,
"technique","Inlay","Marquetry",,
"technique","Inlay","Boulle",,
"technique","Laminated",,,
"technique","Lacquered",,,
"technique","Lacquered","Japanned",,
"technique","Limed",,,
"technique","Machine-Made",,,
"technique","Mercerized",,,
"technique","Metalwork",,,
"technique","Metalwork","Repoussé",,
"technique","Molded",,,
"technique","Needlework",,,
"technique","Needlework","Needlepoint",,
"technique","Needlework","Embroidered",,
"technique","Oiled",,,
"technique","Painted",,,
"technique","Painted","Cold-Painted",,
"technique","Painted","Hand-Painted",,
"technique","Patchwork",,,
"technique","Patinated",,,
"technique","Plated",,,
"technique","Polished",,,
"technique","Polished","Burnished",,
"technique","Polychromed",,,
"technique","Powder-Coated",,,
"technique","Pressed",,,
"technique","Quilted",,,
"technique","Silvered",,,
"technique","Spun",,,
"technique","Stained",,,
"technique","Tempered",,,
"technique","Turned",,,
"technique","Unglazed",,,
"technique","Varnished",,,
"technique","Veneer",,,
"technique","Verre Églomisé",,,
"technique","Welded",,,
"technique","Woodwork",,,
"technique","Woodwork","Joinery",,
"technique","Woodwork","Fretwork",,
"technique","Woodwork","Cross-Banded",,
"technique","Woodwork","Cerused",,
"technique","Woven",,,
"technique","Woven","Hand-Woven",,
"technique","Woven","Hand-Knotted",,
"technique","Other",,,
"technique","Engraved",,,
"technique","Amsterdam School",,,
"technique","Anodized",,,
"technique","Appliqué",,,
"technique","Beaded",,,
"technique","Beveled",,,
"technique","Blackened",,,
"technique","Bleached",,,
"technique","Chamfered",,,
"technique","Bronzed",,,
"technique","Brushed",,,
"technique","Caning",,,
"technique","Carved",,,
"technique","Carved","Hand-Carved",,
"technique","Cast",,,
"firmType",,,,
"firmType","Interior Design",,,
"firmType","Architecture",,,
"firmType","Landscape Design",,,
"services",,,,
"firmAbout",,,,
"projectQuote",,,,
"projectOverview",,,,
"projectType",,,,
"projectType","Apartment",,,
"projectType","Transportation",,,
"projectType","Entertainment/Cultural",,,
"projectType","Education",,,
"projectType","Government/Institutional	",,,
"projectType","Healthcare",,,
"projectType","Retail",,,
"projectType","Office",,,
"projectType","Restaurant",,,
"projectType","Hotel",,,
"projectType","Vacation Home",,,
"projectType","Bachelor Pad",,,
"projectType","Family Home",,,
"projectType","Country House",,,
"projectType","Beach House",,,
"projectType","Mixed Use",,,
"photoStyle",,,,
"photoStyle","Art Deco",,,
"photoStyle","Art Nouveau",,,
"photoStyle","Arts and Crafts",,,
"photoStyle","Asian",,,
"photoStyle","Beach Style",,,
"photoStyle","Bohemian",,,
"photoStyle","British Colonial",,,
"photoStyle","Coastal",,,
"photoStyle","Contemporary",,,
"photoStyle","Cottage",,,
"photoStyle","Country",,,
"photoStyle","Craftsman",,,
"photoStyle","Eclectic",,,
"photoStyle","English Country",,,
"photoStyle","Farmhouse",,,
"photoStyle","French",,,
"photoStyle","Hollywood Regency",,,
"photoStyle","Industrial",,,
"photoStyle","Maximalist",,,
"photoStyle","Mediterranean",,,
"photoStyle","Mid-Century Modern",,,
"photoStyle","Minimalist",,,
"photoStyle","Modern",,,
"photoStyle","Moroccan",,,
"photoStyle","Organic",,,
"photoStyle","Preppy",,,
"photoStyle","Regency",,,
"photoStyle","Rustic",,,
"photoStyle","Scandinavian",,,
"photoStyle","Southwestern",,,
"photoStyle","Traditional",,,
"photoStyle","Transitional",,,
"photoStyle","Tropical",,,
"photoStyle","Victorian",,,
"photoStyle","Western",,,
"room",,,,
"room","Bathroom",,,
"room","Bedroom",,,
"room","Children's Room",,,
"room","Patio and Deck",,,
"room","Dining Room",,,
"room","Entry and Hall",,,
"room","Bar and Game Room",,,
"room","Kitchen",,,
"room","Office and Study",,,
"room","Living Room",,,
"room","Pantry",,,
"room","Storage Room and Closet",,,
"room","Exterior",,,
"room","Lobby and Reception",,,
"room","Meeting Room",,,
"room","Open Plan",,,
"room","Workspace",,,
"photoProjectId",,,,
"production_type",,,,
"production_type","One of a Kind",,,
"production_type","Re-Edition",,,
"production_type","Limited Edition",,,
"production_type","Current Production",,,
"color",,,,
"color","Beige",,,
"color","Black",,,
"color","Blue",,,
"color","Brown",,,
"color","Gold",,,
"color","Gray",,,
"color","Green",,,
"color","Orange",,,
"color","Pink",,,
"color","Purple",,,
"color","Red",,,
"color","Silver",,,
"color","White",,,
"color","Yellow",,,
"color","Clear",,,
"color","Multi",,,
"precedence",,,,
"precedence","Primary",,,
"precedence","Secondary",,,
"projectAddressView",,,,
"projectAddressView","city and state",,,
"projectAddressView","country",,,
"projectAddressView","city and country",,,
"projectAddressView","other",,,
"creatorId",,,,
"categoryKey",,,,
"customizable",,,,
"customizable","true",,,
"new_preowned",,,,
"new_preowned","new",,,
"stone-cut",,,,
"stone-cut","Bullet Cut",,,
"stone-cut","Cabochon",,,
"stone-cut","Sugarloaf Cabochon",,,
"stone-cut","Hexagon Cut",,,
"stone-cut","Kite Cut",,,
"stone-cut","Portrait Cut",,,
"stone-cut","Shield Cut",,,
"stone-cut","Tapered Baguette",,,
"stone-cut","Trapezoid Cut",,,
"stone-cut","Half Moon Cut",,,
"stone-cut","Heart Cut",,,
"stone-cut","Uncut",,,
"stone-cut","Rough Cut",,,
"stone-cut","Bead",,,
"stone-cut","Briolette Cut",,,
"stone-cut","Octagon Cut",,,
"stone-cut","Mixed Cut",,,
"stone-cut","Antique Cushion Cut",,,
"stone-cut","Brilliant Cut",,,
"stone-cut","Ball Cut",,,
"stone-cut","Single Cut",,,
"stone-cut","Square Cut",,,
"stone-cut","Crisscut",,,
"stone-cut","Tumbled",,,
"stone-cut","Rose",,,
"stone-cut","Princess",,,
"stone-cut","Round",,,
"stone-cut","Emerald",,,
"stone-cut","Asscher",,,
"stone-cut","Cushion",,,
"stone-cut","Marquise",,,
"stone-cut","Radiant",,,
"stone-cut","Oval",,,
"stone-cut","Pear",,,
"stone-cut","Baguette",,,
"stone-cut","Trillion",,,
"stone-cut","French",,,
"stone-cut","Old European",,,
"stone-cut","Old Mine",,,
"carat-weight",,,,
"carat-weight","Carat Weight",,,
"swatchAndSample",,,,
"swatchAndSample","true",,,
"swatchAndSample","false",,,
"handlingTime",,,,
"matchingSets",,,,
"matchingSets","Single Piece",,,
"matchingSets","Set of 2",,,
"matchingSets","Set of 3",,,
"matchingSets","Set of 4",,,
"matchingSets","Set of 5",,,
"matchingSets","Set of 6",,,
"matchingSets","Set of 7",,,
"matchingSets","Set of 8",,,
"matchingSets","Set of 9",,,
"matchingSets","Set of 10",,,
"matchingSets","Set of 11",,,
"matchingSets","Set of 12 or more",,,
"sellerGroup",,,,
"estimatedWeight",,,,
"estimatedWeight","Less than 40 lbs (18 kilos)",,,
"estimatedWeight","Between 40-70 lbs (18-31 kilos)",,,
"estimatedWeight","Less than 50 lbs (22 kilos)",,,
"estimatedWeight","Between 50-100 lbs (22-45 kilos)",,,
"estimatedWeight","Between 70-200 lbs (31-90 kilos)",,,
"estimatedWeight","Between 100-200 lbs (45-90 kilos)",,,
"estimatedWeight","More than 200 lbs (90 kilos)",,,
"fabrics",,,,
"fabrics","Rayon",,,
"fabrics","Net",,,
"fabrics","Lurex",,,
"fabrics","Acetate",,,
"fabrics","Acrylic",,,
"fabrics","Alpaca",,,
"fabrics","Astrakhan",,,
"fabrics","Batik",,,
"fabrics","Batiste",,,
"fabrics","Bengaline",,,
"fabrics","Berber",,,
"fabrics","Brocade",,,
"fabrics","Broderie Anglaise",,,
"fabrics","Buckram",,,
"fabrics","Buckskin",,,
"fabrics","Calico",,,
"fabrics","Cambric",,,
"fabrics","Camel hair",,,
"fabrics","Cashmere",,,
"fabrics","Challis",,,
"fabrics","Chambray",,,
"fabrics","Charmeuse",,,
"fabrics","Cheetah",,,
"fabrics","Chenille",,,
"fabrics","Chinchilla",,,
"fabrics","Chine",,,
"fabrics","Cire",,,
"fabrics","Cisele",,,
"fabrics","Civet",,,
"fabrics","Corduroy",,,
"fabrics","Cotton",,,
"fabrics","Coupe des velours",,,
"fabrics","Crepe, Crepe de Chine, Crepe backed",,,
"fabrics","Cut velvet",,,
"fabrics","Damask",,,
"fabrics","Denim",,,
"fabrics","Doupioni",,,
"fabrics","Down",,,
"fabrics","Felt",,,
"fabrics","Fleece, Karakul, Boucle",,,
"fabrics","Fox",,,
"fabrics","Gabardine",,,
"fabrics","Georgette",,,
"fabrics","Gingham",,,
"fabrics","Horsehair",,,
"fabrics","Houndstooth",,,
"fabrics","Jacquard",,,
"fabrics","Jersey",,,
"fabrics","Knit",,,
"fabrics","Lace",,,
"fabrics","Lamb",,,
"fabrics","Lame",,,
"fabrics","Leather",,,
"fabrics","Linen",,,
"fabrics","Lycra",,,
"fabrics","Matelasse",,,
"fabrics","Merino",,,
"fabrics","Mink",,,
"fabrics","Moiré",,,
"fabrics","Organdy",,,
"fabrics","Organza",,,
"fabrics","Pashmina",,,
"fabrics","Polkadot",,,
"fabrics","Polyester",,,
"fabrics","PVC",,,
"fabrics","Satin",,,
"fabrics","Seal",,,
"fabrics","See-through",,,
"fabrics","Seersucker",,,
"fabrics","Shearling",,,
"fabrics","Sheepskin",,,
"fabrics","Silk",,,
"fabrics","Stretch",,,
"fabrics","Suede",,,
"fabrics","Taffeta",,,
"fabrics","Toile",,,
"fabrics","Transparent",,,
"fabrics","Tulle",,,
"fabrics","Tweed",,,
"fabrics","Twill",,,
"fabrics","Velvet",,,
"fabrics","Waterproof",,,
"fabrics","Weave",,,
"fabrics","Whipcord",,,
"fabrics","Wool",,,
"patterns",,,,
"patterns","Abstract",,,
"patterns","Allover",,,
"patterns","Animal",,,
"patterns","Argyle",,,
"patterns","Asymmetrical",,,
"patterns","Boteh",,,
"patterns","Camouflage",,,
"patterns","Cartoon",,,
"patterns","Changeante",,,
"patterns","Check",,,
"patterns","Color blocking",,,
"patterns","Discharge print",,,
"patterns","Polka dot",,,
"patterns","Hand painted",,,
"patterns","Iridescent",,,
"patterns","Ombre",,,
"patterns","Tie-dye",,,
"patterns","Overall",,,
"patterns","Paisley",,,
"patterns","Plaid",,,
"patterns","Polka",,,
"patterns","Print",,,
"patterns","Screenprint",,,
"patterns","Striped",,,
"patterns","Symmetrical",,,
"patterns","Tartan",,,
"sewing technique",,,,
"sewing technique","Applique",,,
"sewing technique","Aubusson",,,
"sewing technique","Band",,,
"sewing technique","Beadwork",,,
"sewing technique","Berlin wool work",,,
"sewing technique","Bias",,,
"sewing technique","Bird-of-Paradise",,,
"sewing technique","Bow",,,
"sewing technique","Braid",,,
"sewing technique","Bretelles",,,
"sewing technique","Chain",,,
"sewing technique","Cord",,,
"sewing technique","Cording",,,
"sewing technique","Couching",,,
"sewing technique","Crochet",,,
"sewing technique","Cut",,,
"sewing technique","Cut work",,,
"sewing technique","Diamante",,,
"sewing technique","Drape",,,
"sewing technique","Drawstring",,,
"sewing technique","Embroidery",,,
"sewing technique","Faux",,,
"sewing technique","Feathers",,,
"sewing technique","Finish",,,
"sewing technique","Fringe",,,
"sewing technique","Galloon",,,
"sewing technique","Gather",,,
"sewing technique","Gimp",,,
"sewing technique","Laces",,,
"sewing technique","Passementerie",,,
"sewing technique","Pearl",,,
"sewing technique","Rep",,,
"sewing technique","Rhinestone",,,
"sewing technique","Ribbon",,,
"sewing technique","Rickrack",,,
"sewing technique","Ruffle",,,
"sewing technique","Seed bead",,,
"sewing technique","Sequin",,,
"sewing technique","Soutache",,,
"sewing technique","Spaghetti",,,
"sewing technique","Stitch",,,
"sewing technique","Swag",,,
"sewing technique","Textured",,,
"sewing technique","Thread",,,
"sewing technique","Tie",,,
"sewing technique","Vermiculate",,,
"sewing technique","Yarn",,,
"construction",,,,
"construction","Buckle",,,
"construction","Button",,,
"construction","Buttonhole",,,
"construction","Castellated",,,
"construction","Collar",,,
"construction","Cuff",,,
"construction","Dart",,,
"construction","Detachable",,,
"construction","Eyelet",,,
"construction","Frog",,,
"construction","Godet",,,
"construction","Gusset",,,
"construction","Hook and eye",,,
"construction","Lettuce edging",,,
"construction","Peek-a-boo",,,
"construction","Peplum",,,
"construction","Picot",,,
"construction","Piping",,,
"construction","Placket",,,
"construction","Pocket",,,
"construction","Pyramid",,,
"construction","Raglan",,,
"construction","Seam",,,
"construction","Shirring",,,
"construction","Snap",,,
"construction","Stay",,,
"construction","Stud",,,
"construction","Tent",,,
"construction","Toggle",,,
"construction","Topstitching",,,
"construction","Tuck",,,
"construction","Waistband",,,
"construction","Yoke",,,
"construction","Zip",,,
"construction","Adjustable",,,
"construction","Angle",,,
"construction","Belt",,,
"construction","Boned",,,
"construction","Box",,,
"otherCharacteristics",,,,
"otherCharacteristics","24-Hour Dial",,,
"otherCharacteristics","Amber",,,
"otherCharacteristics","Bakelite",,,
"otherCharacteristics","Bone",,,
"otherCharacteristics","Chronograph",,,
"otherCharacteristics","Crystal",,,
"otherCharacteristics","Ebony",,,
"otherCharacteristics","Enamel",,,
"otherCharacteristics","Fur",,,
"otherCharacteristics","Galalith",,,
"otherCharacteristics","Glass",,,
"otherCharacteristics","Hair",,,
"otherCharacteristics","Horn",,,
"otherCharacteristics","Ivory",,,
"otherCharacteristics","Left-Handed",,,
"otherCharacteristics","Lucite",,,
"otherCharacteristics","Mother-of-pearl",,,
"otherCharacteristics","Nylon",,,
"otherCharacteristics","Papier maché",,,
"otherCharacteristics","Perspex",,,
"otherCharacteristics","Plastic",,,
"otherCharacteristics","Plexiglass",,,
"otherCharacteristics","Resin",,,
"otherCharacteristics","Rhodeoid",,,
"otherCharacteristics","Rubber",,,
"otherCharacteristics","Shell",,,
"otherCharacteristics","Shellac",,,
"otherCharacteristics","Tortoise shell",,,
"otherCharacteristics","Wood",,,
"frameIncluded",,,,
"frameIncluded","Included",,,
"frameIncluded","Excluded",,,
"framingOptionAvailable",,,,
"framingOptionAvailable","Available",,,
"framingOptionAvailable","Unavailable",,,
"gender",,,,
"gender","Women's",,,
"gender","Men's",,,
"gender","Unisex",,,
