"L1","L2","L3","L4"
"Art",,,
"Art","Paintings",,
"Art","Paintings","Abstract Paintings",
"Art","Paintings","Portrait Paintings",
"Art","Paintings","Landscape Paintings",
"Art","Paintings","Still-life Paintings",
"Art","Paintings","Figurative Paintings",
"Art","Paintings","Animal Paintings",
"Art","Paintings","Interior Paintings",
"Art","Paintings","Nude Paintings",
"Art","Photography",,
"Art","Photography","Color Photography",
"Art","Photography","Black and White Photography",
"Art","Photography","Abstract Photography",
"Art","Photography","Portrait Photography",
"Art","Photography","Landscape Photography",
"Art","Photography","Still-life Photography",
"Art","Photography","Figurative Photography",
"Art","Photography","Nude Photography",
"Art","Sculptures",,
"Art","Sculptures","Abstract Sculptures",
"Art","Sculptures","Figurative Sculptures",
"Art","Sculptures","Nude Sculptures",
"Art","Sculptures","Still-life Sculptures",
"Art","Drawings and Watercolor Paintings",,
"Art","Drawings and Watercolor Paintings","Abstract Drawings and Watercolors",
"Art","Drawings and Watercolor Paintings","Portrait Drawings and Watercolors",
"Art","Drawings and Watercolor Paintings","Landscape Drawings and Watercolors",
"Art","Drawings and Watercolor Paintings","Still-life Drawings and Watercolors",
"Art","Drawings and Watercolor Paintings","Figurative Drawings and Watercolors",
"Art","Drawings and Watercolor Paintings","Animal Drawings and Watercolors",
"Art","Drawings and Watercolor Paintings","Interior Drawings and Watercolors",
"Art","Drawings and Watercolor Paintings","Nude Drawings and Watercolors",
"Art","Prints and Multiples",,
"Art","Prints and Multiples","Abstract Prints",
"Art","Prints and Multiples","Portrait Prints",
"Art","Prints and Multiples","Landscape Prints",
"Art","Prints and Multiples","Still-life Prints",
"Art","Prints and Multiples","Figurative Prints",
"Art","Prints and Multiples","Animal Prints",
"Art","Prints and Multiples","Interior Prints",
"Art","Prints and Multiples","Nude Prints",
"Art","Prints and Multiples","More Prints",
"Art","Mixed Media",,
"Art","More Art",,
"Furniture",,,
"Furniture","Seating",,
"Furniture","Seating","Dining Room Chairs",
"Furniture","Seating","Living Room Sets",
"Furniture","Seating","Office Chairs and Desk Chairs",
"Furniture","Seating","Club Chairs",
"Furniture","Seating","Corner Chairs",
"Furniture","Seating","Rocking Chairs",
"Furniture","Seating","Swivel Chairs",
"Furniture","Seating","Slipper Chairs",
"Furniture","Seating","Bergere Chairs",
"Furniture","Seating","Lounge Chairs",
"Furniture","Seating","Sectional Sofas",
"Furniture","Seating","Sofas",
"Furniture","Seating","Windsor Chairs",
"Furniture","Seating","Footstools",
"Furniture","Seating","Settees",
"Furniture","Seating","Loveseats",
"Furniture","Seating","Canapes",
"Furniture","Seating","Wingback Chairs",
"Furniture","Seating","Side Chairs",
"Furniture","Seating","Armchairs",
"Furniture","Seating","Chairs",
"Furniture","Seating","Stools",
"Furniture","Seating","Ottomans and Poufs",
"Furniture","Seating","Benches",
"Furniture","Seating","Chaise Longues",
"Furniture","Seating","Daybeds",
"Furniture","Lighting",,
"Furniture","Lighting","Chandeliers and Pendants",
"Furniture","Lighting","Wall Lights and Sconces",
"Furniture","Lighting","Table Lamps",
"Furniture","Lighting","Floor Lamps",
"Furniture","Lighting","Lanterns",
"Furniture","Lighting","Flush Mount",
"Furniture","Lighting","More Lighting",
"Furniture","Case Pieces and Storage Cabinets",,
"Furniture","Case Pieces and Storage Cabinets","Commodes and Chests of Drawers",
"Furniture","Case Pieces and Storage Cabinets","Buffets",
"Furniture","Case Pieces and Storage Cabinets","Sideboards",
"Furniture","Case Pieces and Storage Cabinets","Shelves",
"Furniture","Case Pieces and Storage Cabinets","Apothecary Cabinets",
"Furniture","Case Pieces and Storage Cabinets","Linen Presses",
"Furniture","Case Pieces and Storage Cabinets","Dressers",
"Furniture","Case Pieces and Storage Cabinets","Vitrines",
"Furniture","Case Pieces and Storage Cabinets","Blanket Chests",
"Furniture","Case Pieces and Storage Cabinets","Corner Cupboards",
"Furniture","Case Pieces and Storage Cabinets","Credenzas",
"Furniture","Case Pieces and Storage Cabinets","Cupboards",
"Furniture","Case Pieces and Storage Cabinets","Bookcases",
"Furniture","Case Pieces and Storage Cabinets","Cabinets",
"Furniture","Case Pieces and Storage Cabinets","Desks",
"Furniture","Case Pieces and Storage Cabinets","Secretaires",
"Furniture","Case Pieces and Storage Cabinets","Dry Bars",
"Furniture","Case Pieces and Storage Cabinets","Wardrobes and Armoires",
"Furniture","Tables",,
"Furniture","Tables","Tables",
"Furniture","Tables","Dining Room Sets",
"Furniture","Tables","Center Tables",
"Furniture","Tables","Demi-lune Tables",
"Furniture","Tables","Sofa Tables",
"Furniture","Tables","Desks and Writing Tables",
"Furniture","Tables","Vanities",
"Furniture","Tables","Drop-leaf and Pembroke Tables",
"Furniture","Tables","Dessert Tables and Tilt-top Tables",
"Furniture","Tables","Dining Room Tables",
"Furniture","Tables","Card Tables and Tea Tables",
"Furniture","Tables","Side Tables",
"Furniture","Tables","Farm Tables",
"Furniture","Tables","Industrial and Work Tables",
"Furniture","Tables","Tray Tables",
"Furniture","Tables","Serving Tables",
"Furniture","Tables","Pedestals",
"Furniture","Tables","Conference Tables",
"Furniture","Tables","Lowboys",
"Furniture","Tables","Candle Stands",
"Furniture","Tables","Game Tables",
"Furniture","Tables","Coffee and Cocktail Tables",
"Furniture","Tables","End Tables",
"Furniture","Tables","Console Tables",
"Furniture","Tables","Carts and Bar Carts",
"Furniture","Tables","Gueridon",
"Furniture","Tables","Nesting Tables and Stacking Tables",
"Furniture","Mirrors",,
"Furniture","Mirrors","Convex Mirrors",
"Furniture","Mirrors","Girandoles",
"Furniture","Mirrors","Floor Mirrors and Full-Length Mirrors",
"Furniture","Mirrors","Mantel Mirrors and Fireplace Mirrors",
"Furniture","Mirrors","Pier Mirrors and Console Mirrors",
"Furniture","Mirrors","Sunburst Mirrors",
"Furniture","Mirrors","Trumeau Mirrors",
"Furniture","Mirrors","Table Mirrors",
"Furniture","Mirrors","Wall Mirrors",
"Furniture","Mirrors","More Mirrors",
"Furniture","Folk Art",,
"Furniture","Folk Art","Primitives",
"Furniture","Folk Art","Signs",
"Furniture","Folk Art","More Folk Art",
"Furniture","Folk Art","Mirrors",
"Furniture","Folk Art","Sculptures and Carvings",
"Furniture","Folk Art","Game Boards",
"Furniture","Folk Art","Painted Furniture",
"Furniture","Folk Art","Weathervanes",
"Furniture","Folk Art","Political and Patriotic Memorabilia",
"Furniture","Folk Art","Decoys",
"Furniture","Folk Art","Toys",
"Furniture","Folk Art","Carnival Art",
"Furniture","Folk Art","Nautical Objects",
"Furniture","Folk Art","Outsider and Self Taught Art",
"Furniture","Folk Art","Antiquities",
"Furniture","Folk Art","Posters",
"Furniture","Folk Art","Native American Objects",
"Furniture","Folk Art","Tribal Art",
"Furniture","Folk Art","Masks",
"Furniture","Folk Art","Ceramics",
"Furniture","Folk Art","Quilts",
"Furniture","Folk Art","Rugs",
"Furniture","Folk Art","Paintings",
"Furniture","Asian Art and Furniture",,
"Furniture","Asian Art and Furniture","Antiquities",
"Furniture","Asian Art and Furniture","More Asian Art, Objects and Furniture",
"Furniture","Asian Art and Furniture","Prints",
"Furniture","Asian Art and Furniture","Sculptures and Carvings",
"Furniture","Asian Art and Furniture","Ceramics",
"Furniture","Asian Art and Furniture","Furniture",
"Furniture","Asian Art and Furniture","Lacquer",
"Furniture","Asian Art and Furniture","Metalwork",
"Furniture","Asian Art and Furniture","Paintings and Screens",
"Furniture","Asian Art and Furniture","Scholar's Objects",
"Furniture","Asian Art and Furniture","Textiles",
"Furniture","Rugs and Carpets",,
"Furniture","Rugs and Carpets","Chinese and East Asian Rugs",
"Furniture","Rugs and Carpets","North and South American Rugs",
"Furniture","Rugs and Carpets","Moroccan and North African Rugs",
"Furniture","Rugs and Carpets","More Carpets",
"Furniture","Rugs and Carpets","Persian Rugs",
"Furniture","Rugs and Carpets","Indian Rugs",
"Furniture","Rugs and Carpets","Russian and Scandinavian Rugs",
"Furniture","Rugs and Carpets","Caucasian Rugs",
"Furniture","Rugs and Carpets","Central Asian Rugs",
"Furniture","Rugs and Carpets","Turkish Rugs",
"Furniture","Rugs and Carpets","Western European Rugs",
"Furniture","Decorative Objects",,
"Furniture","Decorative Objects","Candle Holders",
"Furniture","Decorative Objects","Candle Holders","Candelabras"
"Furniture","Decorative Objects","Candle Holders","Candle Sconces"
"Furniture","Decorative Objects","Candle Holders","Torchères"
"Furniture","Decorative Objects","Candle Holders","Candlesticks"
"Furniture","Decorative Objects","Candle Holders","Candle Lamps"
"Furniture","Decorative Objects","Candle Holders","More Candle Holders"
"Furniture","Decorative Objects","Picture Frames",
"Furniture","Decorative Objects","Clocks",
"Furniture","Decorative Objects","Clocks","Wall Clocks"
"Furniture","Decorative Objects","Clocks","Mantel Clocks"
"Furniture","Decorative Objects","Clocks","Table Clocks and Desk Clocks"
"Furniture","Decorative Objects","Clocks","More Clocks"
"Furniture","Decorative Objects","Clocks","Carriage Clocks and Travel Clocks"
"Furniture","Decorative Objects","Clocks","Grandfather Clocks and Longcase Clocks"
"Furniture","Decorative Objects","Desk Accessories",
"Furniture","Decorative Objects","Desk Accessories","Inkwells"
"Furniture","Decorative Objects","Desk Accessories","Desk Sets"
"Furniture","Decorative Objects","Desk Accessories","Letter Openers"
"Furniture","Decorative Objects","Desk Accessories","Paperweights"
"Furniture","Decorative Objects","Desk Accessories","More Desk Accessories"
"Furniture","Decorative Objects","Boxes",
"Furniture","Decorative Objects","Boxes","Jewelry Boxes"
"Furniture","Decorative Objects","Boxes","Tea Caddies"
"Furniture","Decorative Objects","Boxes","Decorative Boxes"
"Furniture","Decorative Objects","Boxes","Cigar Boxes and Humidors"
"Furniture","Decorative Objects","Boxes","Snuff Boxes and Tobacco Boxes"
"Furniture","Decorative Objects","Sculptures",
"Furniture","Decorative Objects","Sculptures","Animal Sculptures"
"Furniture","Decorative Objects","Sculptures","Busts"
"Furniture","Decorative Objects","Sculptures","Figurative Sculptures"
"Furniture","Decorative Objects","Sculptures","Abstract Sculptures"
"Furniture","Decorative Objects","Sculptures","Mobiles and Kinetic Sculptures"
"Furniture","Decorative Objects","Sculptures","Mounted Objects"
"Furniture","Decorative Objects","Sculptures","Natural Specimens"
"Furniture","Decorative Objects","Bowls and Baskets",
"Furniture","Decorative Objects","Bowls and Baskets","Decorative Baskets"
"Furniture","Decorative Objects","Bowls and Baskets","Decorative Bowls"
"Furniture","Decorative Objects","Bowls and Baskets","Decorative Dishes and Vide-Poche"
"Furniture","Decorative Objects","Vases and Vessels",
"Furniture","Decorative Objects","Vases and Vessels","Vases"
"Furniture","Decorative Objects","Vases and Vessels","Jars"
"Furniture","Decorative Objects","Vases and Vessels","Garniture"
"Furniture","Decorative Objects","Vases and Vessels","Urns"
"Furniture","Decorative Objects","Vases and Vessels","Planters, Cachepots and Jardinières"
"Furniture","Decorative Objects","Vases and Vessels","Bottles"
"Furniture","Serveware, Ceramics, Silver and Glass",,
"Furniture","Serveware, Ceramics, Silver and Glass","Ashtrays",
"Furniture","Serveware, Ceramics, Silver and Glass","Wine Coolers",
"Furniture","Serveware, Ceramics, Silver and Glass","Pottery",
"Furniture","Serveware, Ceramics, Silver and Glass","Serving Pieces",
"Furniture","Serveware, Ceramics, Silver and Glass","Sheffield and Silverplate",
"Furniture","Serveware, Ceramics, Silver and Glass","Sterling Silver",
"Furniture","Serveware, Ceramics, Silver and Glass","Tea Sets",
"Furniture","Serveware, Ceramics, Silver and Glass","Pitchers",
"Furniture","Serveware, Ceramics, Silver and Glass","Soup Tureens",
"Furniture","Serveware, Ceramics, Silver and Glass","Centerpieces",
"Furniture","Serveware, Ceramics, Silver and Glass","Serving Bowls",
"Furniture","Serveware, Ceramics, Silver and Glass","Dinner Plates",
"Furniture","Serveware, Ceramics, Silver and Glass","Platters and Serveware",
"Furniture","Serveware, Ceramics, Silver and Glass","Crystal Serveware",
"Furniture","Serveware, Ceramics, Silver and Glass","More Dining and Entertaining",
"Furniture","Serveware, Ceramics, Silver and Glass","Barware",
"Furniture","Serveware, Ceramics, Silver and Glass","Ceramics",
"Furniture","Serveware, Ceramics, Silver and Glass","Delft and Faience",
"Furniture","Serveware, Ceramics, Silver and Glass","Tableware",
"Furniture","Serveware, Ceramics, Silver and Glass","Glass",
"Furniture","Serveware, Ceramics, Silver and Glass","Porcelain",
"Furniture","Serveware, Ceramics, Silver and Glass","Butcher Blocks",
"Furniture","Serveware, Ceramics, Silver and Glass","Knife Boxes",
"Furniture","Wall Decorations",,
"Furniture","Wall Decorations","Shelves and Wall Cabinets",
"Furniture","Wall Decorations","Shadow Boxes",
"Furniture","Wall Decorations","Wall Brackets",
"Furniture","Wall Decorations","Posters",
"Furniture","Wall Decorations","Contemporary Art",
"Furniture","Wall Decorations","Wall-mounted Sculptures",
"Furniture","Wall Decorations","Paintings",
"Furniture","Wall Decorations","Prints",
"Furniture","Wall Decorations","Tapestries",
"Furniture","Wall Decorations","Wallpaper",
"Furniture","Wall Decorations","Drawings",
"Furniture","Wall Decorations","Photography",
"Furniture","Wall Decorations","Decorative Art",
"Furniture","Building and Garden Elements",,
"Furniture","Building and Garden Elements","Fireplaces and Mantels",
"Furniture","Building and Garden Elements","Panelling",
"Furniture","Building and Garden Elements","Windows",
"Furniture","Building and Garden Elements","Planters and Jardinieres",
"Furniture","Building and Garden Elements","Bathroom Fixtures",
"Furniture","Building and Garden Elements","Andirons",
"Furniture","Building and Garden Elements","Garden Ornaments",
"Furniture","Building and Garden Elements","Fireplace Tools and Chimney Pots",
"Furniture","Building and Garden Elements","Urns",
"Furniture","Building and Garden Elements","Stone Sinks",
"Furniture","Building and Garden Elements","Doors and Gates",
"Furniture","Building and Garden Elements","Architectural Elements",
"Furniture","Building and Garden Elements","Sundials",
"Furniture","Building and Garden Elements","Flooring",
"Furniture","Building and Garden Elements","Stairs",
"Furniture","Building and Garden Elements","Balustrades and Fixtures",
"Furniture","Building and Garden Elements","Statues",
"Furniture","Building and Garden Elements","Patio and Garden Furniture",
"Furniture","Building and Garden Elements","Pedestals and Columns",
"Furniture","Building and Garden Elements","Fountains",
"Furniture","More Furniture and Collectibles",,
"Furniture","More Furniture and Collectibles","Home Accents",
"Furniture","More Furniture and Collectibles","Home Accents","Bookends"
"Furniture","More Furniture and Collectibles","Home Accents","Obelisks"
"Furniture","More Furniture and Collectibles","Home Accents","Ladders"
"Furniture","More Furniture and Collectibles","Home Accents","Globes"
"Furniture","More Furniture and Collectibles","Home Accents","Bird Cages"
"Furniture","More Furniture and Collectibles","Home Accents","Trunks and Luggage"
"Furniture","More Furniture and Collectibles","Home Accents","Screens and Room Dividers"
"Furniture","More Furniture and Collectibles","Textiles",
"Furniture","More Furniture and Collectibles","Textiles","Pillows and Throws"
"Furniture","More Furniture and Collectibles","Textiles","Quilts and Blankets"
"Furniture","More Furniture and Collectibles","Textiles","Curtains and Valances"
"Furniture","More Furniture and Collectibles","Racks and Stands",
"Furniture","More Furniture and Collectibles","Racks and Stands","Magazine Racks and Stands"
"Furniture","More Furniture and Collectibles","Racks and Stands","Coat Racks and Stands"
"Furniture","More Furniture and Collectibles","Racks and Stands","Umbrella Stands"
"Furniture","More Furniture and Collectibles","Racks and Stands","Easels"
"Furniture","More Furniture and Collectibles","Racks and Stands","Luggage Racks"
"Furniture","More Furniture and Collectibles","Racks and Stands","Hat Racks and Stands"
"Furniture","More Furniture and Collectibles","Racks and Stands","Music Stands"
"Furniture","More Furniture and Collectibles","Collectibles and Curiosities",
"Furniture","More Furniture and Collectibles","Collectibles and Curiosities","Architectural Models"
"Furniture","More Furniture and Collectibles","Collectibles and Curiosities","Maps"
"Furniture","More Furniture and Collectibles","Collectibles and Curiosities","Models and Miniatures"
"Furniture","More Furniture and Collectibles","Collectibles and Curiosities","Nautical Objects"
"Furniture","More Furniture and Collectibles","Collectibles and Curiosities","Religious Items"
"Furniture","More Furniture and Collectibles","Collectibles and Curiosities","Sports Equipment and Memorabilia"
"Furniture","More Furniture and Collectibles","Collectibles and Curiosities","Tobacco Accessories"
"Furniture","More Furniture and Collectibles","Collectibles and Curiosities","Taxidermy"
"Furniture","More Furniture and Collectibles","Collectibles and Curiosities","Collectible Jewelry"
"Furniture","More Furniture and Collectibles","Collectibles and Curiosities","Arms, Armor and Weapons"
"Furniture","More Furniture and Collectibles","Collectibles and Curiosities","Aviation Objects"
"Furniture","More Furniture and Collectibles","Collectibles and Curiosities","Scientific Instruments"
"Furniture","More Furniture and Collectibles","Collectibles and Curiosities","Games"
"Furniture","More Furniture and Collectibles","Collectibles and Curiosities","Toys and Dolls"
"Furniture","More Furniture and Collectibles","Collectibles and Curiosities","Books"
"Furniture","More Furniture and Collectibles","Collectibles and Curiosities","Musical Instruments"
"Furniture","More Furniture and Collectibles","Collectibles and Curiosities","Historical Memorabilia"
"Furniture","More Furniture and Collectibles","Children's Furniture",
"Furniture","More Furniture and Collectibles","Bedroom Furniture",
"Furniture","More Furniture and Collectibles","Bedroom Furniture","Bed Coronas"
"Furniture","More Furniture and Collectibles","Bedroom Furniture","Bedroom Sets"
"Furniture","More Furniture and Collectibles","Bedroom Furniture","Beds and Bed Frames"
"Furniture","More Furniture and Collectibles","Bedroom Furniture","Night Stands"
"Jewelry & Watches",,,
"Jewelry & Watches","Watches",,
"Jewelry & Watches","Watches","Wrist Watches",
"Jewelry & Watches","Watches","Pocket Watches",
"Jewelry & Watches","Rings",,
"Jewelry & Watches","Rings","Engagement Rings",
"Jewelry & Watches","Rings","Dome Rings",
"Jewelry & Watches","Rings","More Rings",
"Jewelry & Watches","Rings","Cocktail Rings",
"Jewelry & Watches","Rings","Wedding Rings",
"Jewelry & Watches","Rings","Signet Rings",
"Jewelry & Watches","Rings","Three-Stone Rings",
"Jewelry & Watches","Rings","Band Rings",
"Jewelry & Watches","Rings","Bridal Rings",
"Jewelry & Watches","Rings","Cluster Rings",
"Jewelry & Watches","Rings","Fashion Rings",
"Jewelry & Watches","Rings","Solitaire Rings",
"Jewelry & Watches","Earrings",,
"Jewelry & Watches","Earrings","Clip-on Earrings",
"Jewelry & Watches","Earrings","Chandelier Earrings",
"Jewelry & Watches","Earrings","Dangle Earrings",
"Jewelry & Watches","Earrings","Drop Earrings",
"Jewelry & Watches","Earrings","Hoop Earrings",
"Jewelry & Watches","Earrings","Lever-Back Earrings",
"Jewelry & Watches","Earrings","Stud Earrings",
"Jewelry & Watches","Earrings","More Earrings",
"Jewelry & Watches","Necklaces",,
"Jewelry & Watches","Necklaces","Necklace Enhancers",
"Jewelry & Watches","Necklaces","Pendant Necklaces",
"Jewelry & Watches","Necklaces","Beaded Necklaces",
"Jewelry & Watches","Necklaces","Chain Necklaces",
"Jewelry & Watches","Necklaces","Choker Necklaces",
"Jewelry & Watches","Necklaces","Drop Necklaces",
"Jewelry & Watches","Necklaces","Multi-Strand Necklaces",
"Jewelry & Watches","Necklaces","Rope Necklaces",
"Jewelry & Watches","Necklaces","More Necklaces",
"Jewelry & Watches","Necklaces","Link Necklaces",
"Jewelry & Watches","Bracelets",,
"Jewelry & Watches","Bracelets","Anklets",
"Jewelry & Watches","Bracelets","Link Bracelets",
"Jewelry & Watches","Bracelets","Retro Bracelets",
"Jewelry & Watches","Bracelets","Modern Bracelets",
"Jewelry & Watches","Bracelets","Chain Bracelets",
"Jewelry & Watches","Bracelets","Charm Bracelets",
"Jewelry & Watches","Bracelets","Cuff Bracelets",
"Jewelry & Watches","Bracelets","Bangles",
"Jewelry & Watches","Bracelets","Tennis Bracelets",
"Jewelry & Watches","Bracelets","Beaded Bracelets",
"Jewelry & Watches","Bracelets","More Bracelets",
"Jewelry & Watches","Bracelets","Clamper Bracelets",
"Jewelry & Watches","Cufflinks",,
"Jewelry & Watches","Cufflinks","Cufflinks",
"Jewelry & Watches","Brooches",,
"Jewelry & Watches","Brooches","Brooches",
"Jewelry & Watches","Silver, Flatware and Silverplate",,
"Jewelry & Watches","Silver, Flatware and Silverplate","Barware",
"Jewelry & Watches","Silver, Flatware and Silverplate","Vases",
"Jewelry & Watches","Silver, Flatware and Silverplate","Dinnerware and Flatware Sets",
"Jewelry & Watches","Silver, Flatware and Silverplate","Flatware and Serving Pieces",
"Jewelry & Watches","Silver, Flatware and Silverplate","More Silver, Flatware and Silverplate",
"Jewelry & Watches","Silver, Flatware and Silverplate","Silver Bowls",
"Jewelry & Watches","Silver, Flatware and Silverplate","Candleholders and Candelabra",
"Jewelry & Watches","Silver, Flatware and Silverplate","Centerpieces and Tazzas",
"Jewelry & Watches","Silver, Flatware and Silverplate","Silver Chargers and Plates",
"Jewelry & Watches","Silver, Flatware and Silverplate","Coffee and Tea Sets",
"Jewelry & Watches","Silver, Flatware and Silverplate","Pitchers and Decanters",
"Jewelry & Watches","Silver, Flatware and Silverplate","Platters and Trays",
"Jewelry & Watches","Silver, Flatware and Silverplate","Serving Bowls and Tureens",
"Jewelry & Watches","Objets d'Art and Vertu",,
"Jewelry & Watches","Objets d'Art and Vertu","Boxes and Cases",
"Jewelry & Watches","Objets d'Art and Vertu","Desk Accessories",
"Jewelry & Watches","Objets d'Art and Vertu","Models and Miniatures",
"Jewelry & Watches","Objets d'Art and Vertu","Frames",
"Jewelry & Watches","Objets d'Art and Vertu","Figurines and Sculptures",
"Jewelry & Watches","Objets d'Art and Vertu","More Objets d'Art and Vertu",
"Jewelry & Watches","Objets d'Art and Vertu","Vanity Items",
"Jewelry & Watches","Objets d'Art and Vertu","Enamel Frames and Objects",
"Jewelry & Watches","More Jewelry and Watches",,
"Jewelry & Watches","More Jewelry and Watches","More Jewelry",
"Fashion",,,
"Fashion","Clothing",,
"Fashion","Clothing","Day Dresses",
"Fashion","Clothing","Day Dresses","Aesthetic Day Dresses"
"Fashion","Clothing","Day Dresses","Casual Dresses"
"Fashion","Clothing","Day Dresses","Babydoll Day Dresses"
"Fashion","Clothing","Day Dresses","Ballerina Day Dresses"
"Fashion","Clothing","Day Dresses","Vintage Bridal Gowns"
"Fashion","Clothing","Day Dresses","Bridesmaids Dresses"
"Fashion","Clothing","Day Dresses","Kaftans"
"Fashion","Clothing","Day Dresses","Cage Dresses"
"Fashion","Clothing","Day Dresses","Chemise Dresses"
"Fashion","Clothing","Day Dresses","Chinese Dresses"
"Fashion","Clothing","Day Dresses","Delphos Gowns"
"Fashion","Clothing","Day Dresses","Directoire Style Dresses"
"Fashion","Clothing","Day Dresses","Empire Waist Dresses"
"Fashion","Clothing","Day Dresses","Maxi Dresses"
"Fashion","Clothing","Day Dresses","Mini Dresses"
"Fashion","Clothing","Day Dresses","Greek Style Dresses"
"Fashion","Clothing","Day Dresses","Princess Cut Dresses"
"Fashion","Clothing","Day Dresses","Sheath Dresses"
"Fashion","Clothing","Day Dresses","Shift Dresses"
"Fashion","Clothing","Day Dresses","Tea Gowns"
"Fashion","Clothing","Day Dresses","Toga Dresses"
"Fashion","Clothing","Day Dresses","Wedding Dresses"
"Fashion","Clothing","Day Dresses","Tunics and Wrap Dresses"
"Fashion","Clothing","Day Dresses","Formal Wear"
"Fashion","Clothing","Day Dresses","Bathrobes"
"Fashion","Clothing","Day Dresses","Cocktail Dresses"
"Fashion","Clothing","Day Dresses","Court Gowns"
"Fashion","Clothing","Day Dresses","Formal Gowns"
"Fashion","Clothing","Day Dresses","Informal Dresses"
"Fashion","Clothing","Day Dresses","Nightgowns"
"Fashion","Clothing","Evening Dresses and Gowns",
"Fashion","Clothing","Evening Dresses and Gowns","Ball Gowns"
"Fashion","Clothing","Evening Dresses and Gowns","Bathrobes"
"Fashion","Clothing","Evening Dresses and Gowns","Cocktail Dresses"
"Fashion","Clothing","Evening Dresses and Gowns","Court Gowns"
"Fashion","Clothing","Evening Dresses and Gowns","Evening Gowns"
"Fashion","Clothing","Evening Dresses and Gowns","Informal Dresses"
"Fashion","Clothing","Evening Dresses and Gowns","Peignoirs"
"Fashion","Clothing","Evening Dresses and Gowns","Sac Dresses"
"Fashion","Clothing","Evening Dresses and Gowns","Aesthetic Evening Dresses"
"Fashion","Clothing","Evening Dresses and Gowns","Day Dresses"
"Fashion","Clothing","Evening Dresses and Gowns","Babydoll Dresses"
"Fashion","Clothing","Evening Dresses and Gowns","Ballerina Dresses"
"Fashion","Clothing","Evening Dresses and Gowns","Wedding Dresses"
"Fashion","Clothing","Evening Dresses and Gowns","Bridesmaids Dresses"
"Fashion","Clothing","Evening Dresses and Gowns","Caftans"
"Fashion","Clothing","Evening Dresses and Gowns","Cage Skirts"
"Fashion","Clothing","Evening Dresses and Gowns","Chemises"
"Fashion","Clothing","Evening Dresses and Gowns","Chinese Dresses"
"Fashion","Clothing","Evening Dresses and Gowns","Delphos Gowns"
"Fashion","Clothing","Evening Dresses and Gowns","Directoire Style Evening Dresses"
"Fashion","Clothing","Evening Dresses and Gowns","Empire Waist Dresses"
"Fashion","Clothing","Evening Dresses and Gowns","Sac Evening Dresses"
"Fashion","Clothing","Evening Dresses and Gowns","Maxi Dress"
"Fashion","Clothing","Evening Dresses and Gowns","Mini Dress"
"Fashion","Clothing","Evening Dresses and Gowns","Peplos"
"Fashion","Clothing","Evening Dresses and Gowns","Evening Dresses"
"Fashion","Clothing","Evening Dresses and Gowns","Sheath Dresses"
"Fashion","Clothing","Evening Dresses and Gowns","Shift Cocktail Dresses"
"Fashion","Clothing","Evening Dresses and Gowns","Summer Dresses"
"Fashion","Clothing","Evening Dresses and Gowns","Toga Dresses"
"Fashion","Clothing","Evening Dresses and Gowns","Wedding Dresses"
"Fashion","Clothing","Blouses",
"Fashion","Clothing","Shoes",
"Fashion","Clothing","Shoes","Ankle Boots"
"Fashion","Clothing","Shoes","Block Heel"
"Fashion","Clothing","Shoes","Boots"
"Fashion","Clothing","Shoes","Brogues"
"Fashion","Clothing","Shoes","Cuban Heels"
"Fashion","Clothing","Shoes","Cube Heels"
"Fashion","Clothing","Shoes","Heels"
"Fashion","Clothing","Shoes","High Heels"
"Fashion","Clothing","Shoes","Low Heels"
"Fashion","Clothing","Shoes","Moccasins"
"Fashion","Clothing","Shoes","Clogs Mules"
"Fashion","Clothing","Shoes","Riding Boots"
"Fashion","Clothing","Shoes","Sandals"
"Fashion","Clothing","Shoes","Shoes"
"Fashion","Clothing","Shoes","Slippers"
"Fashion","Clothing","Shoes","Strap Sandals"
"Fashion","Clothing","Jackets",
"Fashion","Clothing","Jackets","Anoraks and Parkas"
"Fashion","Clothing","Jackets","Jackets"
"Fashion","Clothing","Jackets","Blazers"
"Fashion","Clothing","Jackets","Bolero Jackets"
"Fashion","Clothing","Jackets","Capes"
"Fashion","Clothing","Jackets","Cloaks"
"Fashion","Clothing","Jackets","Dinner Jackets"
"Fashion","Clothing","Jackets","Double-Breasted Jackets"
"Fashion","Clothing","Jackets","Doublets"
"Fashion","Clothing","Jackets","Eton Jackets"
"Fashion","Clothing","Jackets","Jerkins"
"Fashion","Clothing","Jackets","Mantle Coats"
"Fashion","Clothing","Jackets","Norfolk Cardigans"
"Fashion","Clothing","Jackets","Parkas"
"Fashion","Clothing","Jackets","Pea Coats"
"Fashion","Clothing","Jackets","Single-Breasted Jackets"
"Fashion","Clothing","Jackets","Smoking Jackets"
"Fashion","Clothing","Jackets","Cropped Jackets"
"Fashion","Clothing","Jackets","Sport Jackets"
"Fashion","Clothing","Jackets","Tuxedo Jackets"
"Fashion","Clothing","Jackets","Vests"
"Fashion","Clothing","Jackets","Zouave Jackets"
"Fashion","Clothing","Jackets","Vests"
"Fashion","Clothing","Coats and Outerwear",
"Fashion","Clothing","Coats and Outerwear","Caftans"
"Fashion","Clothing","Coats and Outerwear","Anoraks and Parkas"
"Fashion","Clothing","Coats and Outerwear","Overcoats"
"Fashion","Clothing","Coats and Outerwear","Baseball Jackets"
"Fashion","Clothing","Coats and Outerwear","Military Jackets"
"Fashion","Clothing","Coats and Outerwear","Bomber Jackets"
"Fashion","Clothing","Coats and Outerwear","Box Jackets"
"Fashion","Clothing","Coats and Outerwear","Hooded Jackets"
"Fashion","Clothing","Coats and Outerwear","Burnous"
"Fashion","Clothing","Coats and Outerwear","Bush Jackets"
"Fashion","Clothing","Coats and Outerwear","Cagoules"
"Fashion","Clothing","Coats and Outerwear","Capes"
"Fashion","Clothing","Coats and Outerwear","Car Coats"
"Fashion","Clothing","Coats and Outerwear","Chador"
"Fashion","Clothing","Coats and Outerwear","Chesterfield Coats"
"Fashion","Clothing","Coats and Outerwear","Fur Puffer Coats"
"Fashion","Clothing","Coats and Outerwear","Cloacks"
"Fashion","Clothing","Coats and Outerwear","Coats"
"Fashion","Clothing","Coats and Outerwear","Cocoon Coats"
"Fashion","Clothing","Coats and Outerwear","Copes"
"Fashion","Clothing","Coats and Outerwear","Tailcoats"
"Fashion","Clothing","Coats and Outerwear","Directoire"
"Fashion","Clothing","Coats and Outerwear","Dolman Sleeve Coats"
"Fashion","Clothing","Coats and Outerwear","Domino Jackets"
"Fashion","Clothing","Coats and Outerwear","Eisenhower Jackets"
"Fashion","Clothing","Coats and Outerwear","Pelerines"
"Fashion","Clothing","Coats and Outerwear","Flight Jackets"
"Fashion","Clothing","Coats and Outerwear","Frocks"
"Fashion","Clothing","Coats and Outerwear","Mackintosh Raincoats"
"Fashion","Clothing","Coats and Outerwear","Manteaus"
"Fashion","Clothing","Coats and Outerwear","Mantle Coats"
"Fashion","Clothing","Coats and Outerwear","Morning Coats"
"Fashion","Clothing","Coats and Outerwear","Opera Coats"
"Fashion","Clothing","Coats and Outerwear","Greatcoats"
"Fashion","Clothing","Coats and Outerwear","Piano Shawls"
"Fashion","Clothing","Coats and Outerwear","Polo Jackets"
"Fashion","Clothing","Coats and Outerwear","Ponchos"
"Fashion","Clothing","Coats and Outerwear","Raincoats"
"Fashion","Clothing","Coats and Outerwear","Reefer Jackets"
"Fashion","Clothing","Coats and Outerwear","Safari Jackets"
"Fashion","Clothing","Coats and Outerwear","Shawls"
"Fashion","Clothing","Coats and Outerwear","Shawls"
"Fashion","Clothing","Coats and Outerwear","Stoles"
"Fashion","Clothing","Coats and Outerwear","Swing Coats"
"Fashion","Clothing","Coats and Outerwear","Tippets"
"Fashion","Clothing","Coats and Outerwear","Topcoats"
"Fashion","Clothing","Coats and Outerwear","Trench Coats"
"Fashion","Clothing","Coats and Outerwear","Ulster Coats"
"Fashion","Clothing","Coats and Outerwear","Visite Jackets"
"Fashion","Clothing","Suits, Outfits and Ensembles",
"Fashion","Clothing","Suits, Outfits and Ensembles","Dress and Coat Ensembles"
"Fashion","Clothing","Suits, Outfits and Ensembles","Habits"
"Fashion","Clothing","Suits, Outfits and Ensembles","Loungewear"
"Fashion","Clothing","Suits, Outfits and Ensembles","Pajamas"
"Fashion","Clothing","Suits, Outfits and Ensembles","Skirt Suits"
"Fashion","Clothing","Suits, Outfits and Ensembles","Trouser Pant Suits"
"Fashion","Clothing","Suits, Outfits and Ensembles","Twin Sets"
"Fashion","Clothing","Suits, Outfits and Ensembles","Jumpsuits"
"Fashion","Clothing","Shirts",
"Fashion","Clothing","Shirts","Balloon Sleeve Blouses"
"Fashion","Clothing","Shirts","Bandeaus"
"Fashion","Clothing","Shirts","Crop Tops"
"Fashion","Clothing","Shirts","Bertha Collar Shirts"
"Fashion","Clothing","Shirts","Bishop Sleeve Blouses"
"Fashion","Clothing","Shirts","Blousons"
"Fashion","Clothing","Shirts","Bodices"
"Fashion","Clothing","Shirts","Bustiers"
"Fashion","Clothing","Shirts","Camisoles"
"Fashion","Clothing","Shirts","Casques"
"Fashion","Clothing","Shirts","Chemises"
"Fashion","Clothing","Shirts","Cholis"
"Fashion","Clothing","Shirts","Collars"
"Fashion","Clothing","Shirts","Corsages"
"Fashion","Clothing","Shirts","Shirt Waists"
"Fashion","Clothing","Shirts","Halter Tops"
"Fashion","Clothing","Shirts","Middy Blouses"
"Fashion","Clothing","Shirts","Nautical Shirts"
"Fashion","Clothing","Shirts","Camisoles and Shell Tops"
"Fashion","Clothing","Shirts","Shoulder Pads"
"Fashion","Clothing","Shirts","Slash Sleeve Shirts"
"Fashion","Clothing","Shirts","Blouses and Tops"
"Fashion","Clothing","Shirts","Sleeveless Shirts"
"Fashion","Clothing","Shirts","Smocks"
"Fashion","Clothing","Shirts","Stomachers"
"Fashion","Clothing","Shirts","Strapless Tops"
"Fashion","Clothing","Shirts","T-Shirts"
"Fashion","Clothing","Shirts","Tank Tops"
"Fashion","Clothing","Shirts","Tunics"
"Fashion","Clothing","Shorts",
"Fashion","Clothing","Shorts","Bermuda Shorts"
"Fashion","Clothing","Shorts","Sportswear"
"Fashion","Clothing","Shorts","Hot Pants"
"Fashion","Clothing","Shorts","Short Suits"
"Fashion","Clothing","Skirts",
"Fashion","Clothing","Skirts","A-Line Skirts"
"Fashion","Clothing","Skirts","Wrap Skirts"
"Fashion","Clothing","Skirts","Bib Skirts"
"Fashion","Clothing","Skirts","Puff Skirts"
"Fashion","Clothing","Skirts","Bubble Skirts"
"Fashion","Clothing","Skirts","Circle Skirts"
"Fashion","Clothing","Skirts","Flare Skirts"
"Fashion","Clothing","Skirts","Dip Hem Skirts"
"Fashion","Clothing","Skirts","Overskirts"
"Fashion","Clothing","Skirts","Peg Top Skirts"
"Fashion","Clothing","Skirts","Pencil Skirts"
"Fashion","Clothing","Skirts","Petticoats"
"Fashion","Clothing","Skirts","Pleated Skirts"
"Fashion","Clothing","Skirts","Ruffled Skirts"
"Fashion","Clothing","Skirts","Underskirts"
"Fashion","Clothing","Sportswear",
"Fashion","Clothing","Sportswear","Dancewear"
"Fashion","Clothing","Sportswear","Bowling Shirts"
"Fashion","Clothing","Sportswear","Equestrian Clothing"
"Fashion","Clothing","Sportswear","Golf Apparel"
"Fashion","Clothing","Sportswear","Ice Skating Outfits"
"Fashion","Clothing","Sportswear","Riding Clothing"
"Fashion","Clothing","Sportswear","Ski Suits"
"Fashion","Clothing","Sportswear","Sunsuits"
"Fashion","Clothing","Sportswear","Surfing Clothing"
"Fashion","Clothing","Sportswear","Sweat Suits"
"Fashion","Clothing","Sportswear","Tennis Apparel"
"Fashion","Clothing","Sweaters",
"Fashion","Clothing","Sweaters","Cardigans"
"Fashion","Clothing","Sweaters","Pullovers"
"Fashion","Clothing","Sweaters","Sweater Vests"
"Fashion","Clothing","Swimwear",
"Fashion","Clothing","Swimwear","Swimwear"
"Fashion","Clothing","Swimwear","Beachwear"
"Fashion","Clothing","Swimwear","Bikinis"
"Fashion","Clothing","Swimwear","String Bikinis"
"Fashion","Clothing","Swimwear","Swimwear"
"Fashion","Clothing","Swimwear","Tankinis"
"Fashion","Clothing","Swimwear","Swim Trunks"
"Fashion","Clothing","Pants",
"Fashion","Clothing","Pants","Pants"
"Fashion","Clothing","Pants","Cargo Pants"
"Fashion","Clothing","Pants","Catsuits"
"Fashion","Clothing","Pants","Culottes"
"Fashion","Clothing","Pants","Drainpipe Jeans"
"Fashion","Clothing","Pants","Dungarees"
"Fashion","Clothing","Pants","Flat Front Pants"
"Fashion","Clothing","Pants","Jeans"
"Fashion","Clothing","Pants","Jodhpur Pants"
"Fashion","Clothing","Pants","Jumpsuits"
"Fashion","Clothing","Pants","Overalls"
"Fashion","Clothing","Pants","Pleated Pants"
"Fashion","Clothing","Pants","Riding Pants"
"Fashion","Clothing","Pants","Wide Leg Pants"
"Fashion","Clothing","Pants","Jumpers"
"Fashion","Clothing","Lingerie",
"Fashion","Clothing","Lingerie","Armscye"
"Fashion","Clothing","Lingerie","Bodysuits"
"Fashion","Clothing","Lingerie","Pajama Bottoms"
"Fashion","Clothing","Lingerie","Boxers"
"Fashion","Clothing","Lingerie","Bras"
"Fashion","Clothing","Lingerie","Bustles"
"Fashion","Clothing","Lingerie","Corsets"
"Fashion","Clothing","Lingerie","Crinoline"
"Fashion","Clothing","Lingerie","Loungewear"
"Fashion","Clothing","Lingerie","Robes"
"Fashion","Clothing","Lingerie","Shapewear"
"Fashion","Clothing","Lingerie","Leotards"
"Fashion","Clothing","Lingerie","Negligees"
"Fashion","Clothing","Lingerie","Petticoats"
"Fashion","Clothing","Lingerie","Slips"
"Fashion","Clothing","Lingerie","Thongs"
"Fashion","Clothing","Lingerie","Underwear"
"Fashion","Clothing","Lingerie","Unitards"
"Fashion","Clothing","Lingerie","Girdles"
"Fashion","Accessories",,
"Fashion","Accessories","Ascots",
"Fashion","Accessories","Babushka",
"Fashion","Accessories","Bandannas",
"Fashion","Accessories","Bandeaus",
"Fashion","Accessories","Beanies",
"Fashion","Accessories","Belts",
"Fashion","Accessories","Berets",
"Fashion","Accessories","Bonnets",
"Fashion","Accessories","Braces",
"Fashion","Accessories","Canes",
"Fashion","Accessories","Caps",
"Fashion","Accessories","Waist Belts",
"Fashion","Accessories","Cloche Hats",
"Fashion","Accessories","Contour",
"Fashion","Accessories","Corsages",
"Fashion","Accessories","Cravats",
"Fashion","Accessories","Cummerbunds",
"Fashion","Accessories","Handheld Fans",
"Fashion","Accessories","Fichu",
"Fashion","Accessories","Garters",
"Fashion","Accessories","Gauntlets",
"Fashion","Accessories","Gloves",
"Fashion","Accessories","Handkerchiefs",
"Fashion","Accessories","Hats",
"Fashion","Accessories","Hoods",
"Fashion","Accessories","Jabot",
"Fashion","Accessories","Muffs",
"Fashion","Accessories","Neckcloths",
"Fashion","Accessories","Neckties",
"Fashion","Accessories","Sashes",
"Fashion","Accessories","Scarves",
"Fashion","Accessories","Sunglasses",
"Fashion","Accessories","Suspenders",
"Fashion","Accessories","Ties",
"Fashion","Accessories","Visors",
"Fashion","Accessories","Canes and Walking Sticks",
"Fashion","Accessories","Shoes",
"Fashion","Ephemera",,
"Fashion","Ephemera","Ashtrays",
"Fashion","Ephemera","Barometers",
"Fashion","Ephemera","Barware",
"Fashion","Ephemera","Baskets",
"Fashion","Ephemera","Boxes",
"Fashion","Ephemera","Carts",
"Fashion","Ephemera","Carvings",
"Fashion","Ephemera","Centerpieces",
"Fashion","Ephemera","Ceramics",
"Fashion","Ephemera","Children",
"Fashion","Ephemera","Clocks",
"Fashion","Ephemera","Coatstands",
"Fashion","Ephemera","Curiosities",
"Fashion","Ephemera","Decorative Mounted Boxes",
"Fashion","Ephemera","Decorative Objects",
"Fashion","Ephemera","Dry Bar",
"Fashion","Ephemera","For The Desk",
"Fashion","Ephemera","For The Table",
"Fashion","Ephemera","Games",
"Fashion","Ephemera","Globes",
"Fashion","Ephemera","Jewelry Boxes",
"Fashion","Ephemera","Ink Wells",
"Fashion","Ephemera","Knife Boxes",
"Fashion","Ephemera","Luggage Rack",
"Fashion","Ephemera","Magazine Stands",
"Fashion","Ephemera","Miscellaneous",
"Fashion","Ephemera","Other",
"Fashion","Ephemera","Pillows and Throws",
"Fashion","Ephemera","Rugs",
"Fashion","Ephemera","Screens",
"Fashion","Ephemera","Sculptures",
"Fashion","Ephemera","Sundials",
"Fashion","Ephemera","Teacaddies and Canisters",
"Fashion","Ephemera","Textiles and Quilts",
"Fashion","Ephemera","Toys",
"Fashion","Ephemera","Trashcans",
"Fashion","Ephemera","Trunks and Luggage",
"Fashion","Ephemera","Umbrella Stands",
"Fashion","Ephemera","Vases",
"Fashion","Ephemera","Wine Coolers",
"Fashion","Ephemera","Wine Service",
"Fashion","Books",,
"Fashion","Books","Book and Adaptations",
"Fashion","Books","Antique Books",
"Fashion","Books","Fashion Books",
"Fashion","Books","Attire",
"Fashion","Books","Avant Garde Books",
"Fashion","Books","Bare",
"Fashion","Books","Baroque",
"Fashion","Books","Basic",
"Fashion","Books","Body",
"Fashion","Books","Chic",
"Fashion","Books","Classic",
"Fashion","Books","Cloth",
"Fashion","Books","Clothes",
"Fashion","Books","Collection",
"Fashion","Books","Costumes",
"Fashion","Books","Couture",
"Fashion","Books","Dandy",
"Fashion","Books","Design",
"Fashion","Books","Er",
"Fashion","Books","Fashion",
"Fashion","Books","Garb",
"Fashion","Books","Garment",
"Fashion","Books","Hardback",
"Fashion","Books","Inspired",
"Fashion","Books","Label",
"Fashion","Books","Look",
"Fashion","Books","Mode",
"Fashion","Books","Modernist",
"Fashion","Books","Op Art",
"Fashion","Books","Pop",
"Fashion","Books","Retro",
"Fashion","Books","Self",
"Fashion","Books","Softcover and Paperback",
"Fashion","Books","Style",
"Fashion","Books","Torso",
"Fashion","Books","Vintage",
"Fashion","Books","Wearable Art",
"Fashion","Handbags and Purses",,
"Fashion","Handbags and Purses","Briefcases and Attachés",
"Fashion","Handbags and Purses","Backpacks",
"Fashion","Handbags and Purses","Tote Bags",
"Fashion","Handbags and Purses","Clutches",
"Fashion","Handbags and Purses","Evening Bags and Minaudières",
"Fashion","Handbags and Purses","Shoulder Bags",
"Fashion","Handbags and Purses","Shoulder Bags","Bucket Bags and Drawstring Bags"
"Fashion","Handbags and Purses","Shoulder Bags","Hobo Bags"
"Fashion","Handbags and Purses","Shoulder Bags","Structured Shoulder Bags"
"Fashion","Handbags and Purses","Crossbody Bags and Messenger Bags",
"Fashion","Handbags and Purses","Luggage and Travel Bags",
"Fashion","Handbags and Purses","Luggage and Travel Bags","Duffel Bags and Carry-On Bags"
"Fashion","Handbags and Purses","Luggage and Travel Bags","Garment Bags"
"Fashion","Handbags and Purses","Luggage and Travel Bags","Suitcases and Trunks"
"Fashion","Handbags and Purses","Novelty Bags",
"Fashion","Handbags and Purses","Top Handle Bags",
"Fashion","Handbags and Purses","Wallets and Small Accessories",
"Fashion","Handbags and Purses","Wallets and Small Accessories","Belt Bags"
"Fashion","Handbags and Purses","Wallets and Small Accessories","Cosmetic Bags"
"Fashion","Handbags and Purses","Wallets and Small Accessories","Jewelry Rolls"
"Fashion","Handbags and Purses","Wallets and Small Accessories","Pouches and Wristlets"
"Fashion","Handbags and Purses","Wallets and Small Accessories","Tech Accessories and Cases"
"Fashion","Handbags and Purses","Wallets and Small Accessories","Wallets"
